{"stats":{"minecraft:used":{"alexsmobs:emu_egg":1,"minecraft:chest":4,"lootr:trophy":3,"minecraft:bow":680,"minecraft:furnace":21,"minecraft:potato":107,"minecraft:wooden_pickaxe":27,"minecraft:golden_apple":19,"minecraft:sand":44,"born_in_chaos_v1:monster_flesh":1,"minecraft:polished_andesite_slab":2,"minecraft:smithing_table":4,"minecraft:oak_boat":2,"minecraft:stone_sword":91,"minecraft:acacia_log":2,"born_in_chaos_v1:ethereal_spirit":6,"minecraft:torch":5,"minecraft:anvil":3,"regions_unexplored:baobab_boat":5,"minecraft:iron_axe":323,"minecraft:bamboo":4,"minecraft:cobbled_deepslate":18,"minecraft:cherry_log":1,"minecraft:golden_axe":45,"alexsmobs:cooked_catfish":1,"minecraft:fletching_table":11,"minecraft:leather_boots":1,"minecraft:crafting_table":31,"minecraft:red_bed":12,"minecraft:white_bed":3,"minecraft:oak_log":4,"minecraft:diamond_pickaxe":585,"wom:golden_kit":1,"minecraft:iron_pickaxe":805,"regions_unexplored:baobab_planks":269,"minecraft:cobblestone":252,"minecraft:potion":3,"travelersbackpack:standard":65,"minecraft:cooked_porkchop":4,"regions_unexplored:silt_dirt":235,"minecraft:iron_shovel":390,"minecraft:shield":80,"minecraft:white_terracotta":62,"minecraft:iron_sword":236,"minecraft:iron_chestplate":3,"wom:golden_monocle":1,"minecraft:carrot":11,"born_in_chaos_v1:corpse_maggot":3,"minecraft:coal_ore":4,"minecraft:dark_oak_wood":1,"minecraft:iron_helmet":2,"epicfight:diamond_greatsword":308,"minecraft:hay_block":1,"minecraft:gray_bed":1,"grimoireofgaia:meat":8,"epicfight:skillbook":10,"minecraft:diamond_boots":3,"minecraft:stone_pickaxe":385,"minecraft:oak_planks":140,"minecraft:sandstone":46,"minecraft:golden_hoe":10,"waystones:waystone":1,"minecraft:bread":108,"minecraft:deepslate":1,"regions_unexplored:baobab_log":1,"minecraft:andesite":8,"minecraft:bone_meal":143,"minecraft:golden_pickaxe":65,"minecraft:stone_shovel":74,"minecraft:cooked_chicken":2,"minecraft:oak_door":4,"minecraft:dirt":34,"minecraft:dark_oak_planks":27,"minecraft:oak_stairs":1,"minecraft:smooth_sandstone":52,"minecraft:iron_boots":2,"minecraft:golden_carrot":28,"minecraft:cooked_beef":3,"minecraft:iron_leggings":2,"minecraft:cooked_mutton":3,"minecraft:cobblestone_stairs":13,"minecraft:baked_potato":108,"minecraft:red_nether_bricks":67,"minecraft:cut_sandstone":12,"minecraft:terracotta":2,"minecraft:smoker":5,"minecraft:wooden_hoe":45,"minecraft:stone_axe":1401,"born_in_chaos_v1:pile_of_skulls":1,"minecraft:yellow_bed":5},"minecraft:crafted":{"minecraft:cooked_mutton":4,"minecraft:glass":61,"minecraft:emerald":302,"minecraft:cooked_porkchop":9,"travelersbackpack:standard":7,"minecraft:smithing_table":1,"minecraft:golden_pickaxe":2,"minecraft:fletching_table":3,"minecraft:wooden_hoe":2,"minecraft:iron_pickaxe":4,"minecraft:iron_block":10,"minecraft:gold_ingot":81,"minecraft:golden_carrot":31,"epicfight:diamond_greatsword":1,"minecraft:stone_shovel":13,"minecraft:bone_meal":186,"travelersbackpack:blank_upgrade":12,"travelersbackpack:gold_tier_upgrade":3,"travelersbackpack:white_sleeping_bag":2,"minecraft:stone_pickaxe":4,"minecraft:dark_oak_planks":44,"minecraft:wheat":450,"minecraft:enchanted_book":1,"regions_unexplored:baobab_boat":1,"minecraft:golden_apple":4,"minecraft:iron_shovel":6,"minecraft:iron_leggings":2,"regions_unexplored:baobab_planks":4598,"minecraft:oak_planks":716,"minecraft:cooked_chicken":2,"minecraft:cobblestone_stairs":8,"minecraft:bow":12,"minecraft:iron_boots":2,"minecraft:chest":9,"travelersbackpack:iron_tier_upgrade":3,"minecraft:arrow":896,"minecraft:crafting_table":5,"minecraft:wooden_pickaxe":2,"minecraft:baked_potato":126,"minecraft:iron_helmet":2,"minecraft:gold_block":21,"minecraft:iron_chestplate":2,"minecraft:shield":3,"minecraft:stick":9470,"minecraft:iron_ingot":158,"minecraft:stone_sword":1,"minecraft:oak_door":3,"minecraft:furnace":4,"minecraft:iron_axe":1,"travelersbackpack:diamond_tier_upgrade":1,"minecraft:glistering_melon_slice":1,"minecraft:cooked_beef":6,"minecraft:bone_block":4,"travelersbackpack:backpack_tank":10,"minecraft:iron_sword":1,"minecraft:stone_axe":18,"minecraft:bread":151,"minecraft:air":0,"minecraft:jungle_planks":4,"minecraft:oak_boat":2,"minecraft:gold_nugget":261,"minecraft:white_dye":7,"minecraft:anvil":1,"minecraft:acacia_planks":12},"minecraft:killed":{"born_in_chaos_v1:zombie_lumberjack":2,"mythicmounts:dragon":3,"born_in_chaos_v1:siamese_skeletonsright":1,"creeperoverhaul:dripstone_creeper":1,"minecraft:skeleton":27,"grimoireofgaia:mimic":1,"minecraft:chicken":2,"grimoireofgaia:flesh_lich":4,"minecraft:pillager":11,"minecraft:zombie":41,"born_in_chaos_v1:corpse_fly":5,"born_in_chaos_v1:door_knight":1,"minecraft:cow":2,"minecraft:evoker":2,"minecraft:vindicator":5,"born_in_chaos_v1:dire_hound_leader":1,"cataclysm:koboleton":17,"minecraft:husk":33,"minecraft:ravager":1,"born_in_chaos_v1:decrepit_skeleton":6,"grimoireofgaia:mummy":1,"born_in_chaos_v1:bloody_gadfly":1,"born_in_chaos_v1:dark_vortex":1,"minecraft:witch":3,"minecraft:spider":7,"grimoireofgaia:orc":3,"grimoireofgaia:goblin":10,"grimoireofgaia:gravemite":2,"grimoireofgaia:mandragora":1,"born_in_chaos_v1:bonescaller":1,"minecraft:pig":5,"minecraft:zombie_villager":2,"born_in_chaos_v1:diamond_termite":2,"grimoireofgaia:bone_knight":7,"minecraft:creeper":3,"minecraft:sheep":4,"born_in_chaos_v1:dread_hound":3,"grimoireofgaia:harpy":2,"born_in_chaos_v1:siamese_skeletonsleft":1,"dungeonnowloading:spawner_carrier":1,"grimoireofgaia:satyress":5,"alexsmobs:tarantula_hawk":1,"born_in_chaos_v1:zombie_bruiser":1,"grimoireofgaia:centaur":33,"born_in_chaos_v1:maggot":17,"minecraft:phantom":2,"grimoireofgaia:bee":1,"alexsmobs:bison":1,"endofherobrine:villager":1,"grimoireofgaia:cecaelia":1,"minecraft:hoglin":2,"alexsmobs:emu":1,"born_in_chaos_v1:nightmare_stalker":1,"minecraft:wither_skeleton":28},"minecraft:killed_by":{"born_in_chaos_v1:nightmare_stalker":3,"minecraft:vindicator":2,"grimoireofgaia:minotaurus":3,"cataclysm:koboleton":2,"minecraft:vex":2,"grimoireofgaia:flesh_lich":1,"grimoireofgaia:ant_salvager":1,"grimoireofgaia:creep":1,"endofherobrine:cow":3,"minecraft:wither_skeleton":6,"born_in_chaos_v1:zombie_bruiser":1,"creeperoverhaul:desert_creeper":1,"man:managgresive":3,"grimoireofgaia:cecaelia":2,"grimoireofgaia:bone_knight":1,"grimoireofgaia:gravemite":1,"minecraft:player":4,"grimoireofgaia:orc":2,"born_in_chaos_v1:phantom_creeper":1,"born_in_chaos_v1:fallen_chaos_knight":1,"minecraft:skeleton":5,"born_in_chaos_v1:corpse_fish":1},"minecraft:custom":{"minecraft:interact_with_crafting_table":158,"minecraft:open_barrel":5,"minecraft:bell_ring":4,"minecraft:leave_game":29,"minecraft:time_since_death":26731,"minecraft:damage_blocked_by_shield":4950,"minecraft:play_time":833820,"minecraft:deaths":51,"minecraft:jump":11851,"minecraft:interact_with_furnace":173,"minecraft:traded_with_villager":399,"minecraft:sleep_in_bed":35,"minecraft:waystone_activated":1,"minecraft:damage_dealt":51635,"minecraft:interact_with_smoker":20,"minecraft:horse_one_cm":329906,"minecraft:interact_with_smithing_table":5,"minecraft:interact_with_anvil":6,"minecraft:damage_dealt_absorbed":103,"minecraft:sneak_time":91940,"minecraft:total_world_time":833820,"minecraft:tune_noteblock":6,"minecraft:time_since_rest":7685,"minecraft:swim_one_cm":152395,"minecraft:fly_one_cm":3518209,"minecraft:open_chest":254,"minecraft:fall_one_cm":330277,"lootr:looted_stat":152,"minecraft:sprint_one_cm":3279465,"minecraft:drop":379,"minecraft:play_noteblock":10,"minecraft:talked_to_villager":181,"minecraft:walk_on_water_one_cm":296451,"minecraft:player_kills":3,"minecraft:crouch_one_cm":469445,"minecraft:mob_kills":346,"minecraft:damage_dealt_resisted":1574,"minecraft:climb_one_cm":10230,"minecraft:walk_one_cm":4009868,"minecraft:raid_win":1,"minecraft:walk_under_water_one_cm":168361,"minecraft:boat_one_cm":244050,"minecraft:raid_trigger":1,"minecraft:damage_taken":37160,"minecraft:damage_absorbed":693},"minecraft:mined":{"minecraft:dark_oak_planks":9,"minecraft:cut_sandstone_slab":3,"minecraft:white_bed":4,"regions_unexplored:deepslate_prismoss":4,"minecraft:red_nether_bricks":117,"minecraft:granite":8,"minecraft:acacia_log":4,"minecraft:spawner":13,"minecraft:polished_blackstone_bricks":14,"minecraft:tall_seagrass":1,"minecraft:magma_block":19,"regions_unexplored:pointed_redstone":4,"minecraft:fire":23,"minecraft:fletching_table":11,"minecraft:deepslate_lapis_ore":4,"minecraft:dirt_path":7,"minecraft:oak_stairs":12,"minecraft:smooth_sandstone_stairs":23,"regions_unexplored:silt_grass_block":24,"minecraft:tripwire":1,"regions_unexplored:dead_steppe_shrub":2,"minecraft:cut_sandstone":15,"minecraft:red_bed":12,"minecraft:smoker":6,"minecraft:note_block":1,"minecraft:dark_oak_wood":13,"minecraft:dead_bush":1,"minecraft:nether_brick_slab":3,"minecraft:smooth_sandstone_slab":7,"minecraft:amethyst_block":13,"minecraft:skeleton_skull":3,"minecraft:white_terracotta":78,"minecraft:chain":1,"minecraft:bamboo_planks":4,"minecraft:wheat":22,"minecraft:stone_brick_stairs":3,"minecraft:grass":134,"regions_unexplored:bamboo_leaves":266,"minecraft:sandstone_wall":6,"minecraft:smooth_basalt":3,"minecraft:stonecutter":1,"minecraft:deepslate":72,"minecraft:mossy_cobblestone":3,"minecraft:nether_bricks":12,"minecraft:spruce_fence":3,"minecraft:moss_block":2,"minecraft:andesite":15,"minecraft:mossy_stone_brick_stairs":1,"minecraft:potatoes":60,"minecraft:smooth_quartz_stairs":1,"minecraft:bamboo_sapling":1,"minecraft:bamboo":11,"minecraft:bone_block":93,"minecraft:smithing_table":4,"minecraft:glass_pane":4,"minecraft:dandelion":2,"minecraft:smooth_sandstone":185,"regions_unexplored:silt_dirt":281,"minecraft:crimson_slab":1,"regions_unexplored:baobab_branch":2,"minecraft:tall_grass":146,"minecraft:copper_ore":6,"regions_unexplored:mauve_log":3,"minecraft:deepslate_gold_ore":16,"farmersdelight:wild_tomatoes":1,"minecraft:diorite":4,"regions_unexplored:prismarite_cluster":1,"minecraft:coarse_dirt":1,"minecraft:white_carpet":1,"cataclysm:sandstone_falling_trap":1,"minecraft:gravel":38,"minecraft:cobweb":1,"regions_unexplored:baobab_leaves":39,"minecraft:polished_blackstone":8,"minecraft:stone_bricks":33,"minecraft:gold_ore":11,"minecraft:fern":5,"minecraft:spruce_planks":3,"minecraft:farmland":1,"minecraft:mossy_stone_brick_slab":8,"minecraft:andesite_stairs":1,"minecraft:cobblestone_stairs":7,"cataclysm:sandstone_ignite_trap":21,"regions_unexplored:baobab_planks":23,"minecraft:budding_amethyst":2,"minecraft:grass_block":25,"minecraft:cracked_polished_blackstone_bricks":5,"born_in_chaos_v1:pile_of_skulls":1,"minecraft:smooth_stone":5,"cataclysm:sandstone_poison_dart_trap":15,"minecraft:glowstone":1,"minecraft:iron_ore":108,"minecraft:anvil":3,"minecraft:pointed_dripstone":2,"minecraft:iron_bars":1,"minecraft:blackstone":12,"minecraft:orange_terracotta":8,"minecraft:clay":6,"minecraft:calcite":7,"minecraft:poppy":1,"minecraft:cobblestone":59,"minecraft:oak_planks":83,"regions_unexplored:bamboo_log":17,"minecraft:wall_torch":3,"minecraft:seagrass":1,"minecraft:blue_terracotta":5,"lootr:trophy":3,"minecraft:nether_wart_block":11,"minecraft:stripped_oak_wood":1,"minecraft:oak_log":182,"minecraft:sand":143,"minecraft:dirt":58,"minecraft:tripwire_hook":2,"minecraft:netherrack":131,"regions_unexplored:prismoss_sprout":4,"minecraft:oak_leaves":14,"minecraft:red_carpet":1,"minecraft:diamond_ore":3,"minecraft:tuff":2,"minecraft:deepslate_diamond_ore":3,"minecraft:candle":1,"minecraft:oak_door":3,"born_in_chaos_v1:infected_diamond_ore":1,"minecraft:glow_lichen":1,"minecraft:ladder":1,"minecraft:chiseled_bookshelf":3,"minecraft:decorated_pot":1,"cataclysm:chiseled_stone_brick_pillar":3,"minecraft:polished_andesite_slab":3,"minecraft:spruce_leaves":1,"regions_unexplored:raw_redstone_block":8,"minecraft:sandstone":42,"minecraft:hay_block":50,"regions_unexplored:baobab_log":1303,"minecraft:furnace":21,"minecraft:carrots":15,"minecraft:chiseled_sandstone":10,"minecraft:gold_block":21,"minecraft:bookshelf":5,"minecraft:deepslate_iron_ore":13,"minecraft:shroomlight":1,"minecraft:stripped_oak_log":16,"regions_unexplored:medium_grass":83,"minecraft:stone":333,"regions_unexplored:redstone_bulb":4,"minecraft:podzol":1,"minecraft:acacia_leaves":1,"minecraft:crafting_table":29,"minecraft:oak_wood":1,"minecraft:andesite_slab":2,"minecraft:quartz_bricks":8,"minecraft:lapis_ore":7,"regions_unexplored:redstone_bud":37,"minecraft:gray_bed":1,"minecraft:yellow_bed":6,"minecraft:coal_ore":52,"minecraft:terracotta":4,"minecraft:stripped_acacia_wood":1,"minecraft:mossy_stone_bricks":24},"minecraft:broken":{"minecraft:iron_axe":1,"minecraft:iron_pickaxe":2,"minecraft:iron_helmet":1,"minecraft:stone_pickaxe":2,"minecraft:stone_axe":10,"minecraft:golden_axe":1,"minecraft:golden_pickaxe":2},"minecraft:dropped":{"minecraft:cooked_beef":16,"minecraft:glass_bottle":3,"minecraft:crafting_table":2,"minecraft:crossbow":2,"travelersbackpack:iron_tier_upgrade":1,"minecraft:saddle":3,"minecraft:emerald":55,"minecraft:gold_block":99,"minecraft:dirt":3,"artifacts:thorn_pendant":1,"minecraft:gold_nugget":16,"minecraft:bone_block":59,"minecraft:sand":6,"minecraft:iron_pickaxe":3,"minecraft:white_wool":17,"regions_unexplored:redstone_bulb":6,"minecraft:bone":99,"minecraft:oak_door":3,"wom:golden_monocle":1,"minecraft:note_block":1,"minecraft:stone_axe":7,"minecraft:iron_nugget":96,"minecraft:cobbled_deepslate":2,"minecraft:rotten_flesh":24,"minecraft:oak_planks":36,"minecraft:azure_bluet":1,"regions_unexplored:baobab_sapling":24,"bosses_of_mass_destruction:soul_star":3,"minecraft:tipped_arrow":1,"artifacts:umbrella":2,"minecraft:leather_boots":1,"minecraft:acacia_sapling":1,"minecraft:ladder":3,"minecraft:red_nether_bricks":5,"minecraft:glass":2,"grimoireofgaia:meat":2,"farmersdelight:tomato_seeds":4,"minecraft:enchanted_book":4,"epicfight:diamond_greatsword":1,"minecraft:iron_ingot":42,"minecraft:wheat_seeds":7,"minecraft:polished_blackstone":4,"minecraft:golden_horse_armor":3,"minecraft:oak_fence":1,"minecraft:iron_helmet":2,"minecraft:feather":2,"minecraft:cobblestone":47,"minecraft:book":20,"minecraft:coal":75,"minecraft:golden_apple":30,"minecraft:cobweb":5,"minecraft:diamond_horse_armor":2,"minecraft:golden_carrot":10,"minecraft:wooden_hoe":1,"travelersbackpack:blank_upgrade":5,"minecraft:diamond_helmet":1,"minecraft:potion":1,"minecraft:oak_stairs":3,"minecraft:white_banner":2,"minecraft:chipped_anvil":1,"minecraft:iron_shovel":2,"minecraft:smooth_sandstone":101,"minecraft:string":11,"minecraft:bamboo_planks":1,"minecraft:furnace":1,"regions_unexplored:bamboo_log":24,"minecraft:stone_sword":2,"born_in_chaos_v1:rotten_fish":2,"minecraft:stone_shovel":12,"minecraft:white_carpet":5,"minecraft:iron_boots":3,"cataclysm:sandstone_poison_dart_trap":1,"minecraft:name_tag":1,"regions_unexplored:mauve_log":2,"minecraft:white_terracotta":3,"minecraft:spruce_fence":1,"minecraft:blast_furnace":2,"minecraft:diamond_sword":1,"minecraft:spruce_planks":2,"minecraft:diamond_pickaxe":1,"minecraft:andesite_stairs":1,"minecraft:stone_bricks":1,"minecraft:spider_eye":1,"minecraft:bamboo":13,"minecraft:sandstone":7,"minecraft:bow":3,"waystones:waystone":1,"cataclysm:sandstone_falling_trap":1,"minecraft:magma_block":1,"regions_unexplored:silt_dirt":27,"minecraft:vex_armor_trim_smithing_template":2,"epicfight:skillbook":6,"minecraft:brown_mushroom":1,"minecraft:diamond_axe":1,"minecraft:baked_potato":18,"minecraft:leather":1,"minecraft:jungle_planks":4,"minecraft:iron_horse_armor":1,"travelersbackpack:standard":2,"minecraft:music_disc_13":1,"born_in_chaos_v1:monster_skin":1,"wom:golden_kit":1,"minecraft:mutton":2,"minecraft:cut_sandstone":12,"minecraft:polished_blackstone_bricks":2,"minecraft:glistering_melon_slice":1,"minecraft:stripped_oak_wood":3,"minecraft:gold_ingot":23,"minecraft:gravel":2,"lootr:trophy":1,"minecraft:blackstone":1,"minecraft:smooth_sandstone_stairs":19,"born_in_chaos_v1:ethereal_spirit":3,"minecraft:diamond_shovel":1,"minecraft:mossy_stone_brick_slab":4,"travelersbackpack:gold_tier_upgrade":1,"minecraft:sandstone_wall":2,"minecraft:poppy":1,"minecraft:gunpowder":13,"minecraft:skeleton_skull":3,"minecraft:melon_seeds":2,"born_in_chaos_v1:corpse_maggot":1,"minecraft:chest":1,"born_in_chaos_v1:diamond_termite_shard":2,"minecraft:arrow":351,"minecraft:netherrack":37,"born_in_chaos_v1:dark_rod":3,"minecraft:water_bucket":4,"minecraft:mossy_cobblestone":2,"minecraft:diamond_leggings":1,"grimoireofgaia:shiny_pearl":2,"minecraft:stick":39,"minecraft:iron_block":6,"minecraft:diorite":1,"minecraft:torch":1,"minecraft:nether_wart_block":8,"minecraft:fire_charge":1,"minecraft:iron_leggings":5,"minecraft:tripwire_hook":3,"minecraft:bucket":10,"minecraft:chiseled_sandstone":1,"minecraft:redstone":49,"minecraft:nether_brick_slab":2,"minecraft:blue_terracotta":3,"epicfight:uchigatana":1,"alexsmobs:tarantula_hawk_wing_fragment":1,"regions_unexplored:baobab_log":269,"farmersdelight:cabbage_seeds":5,"minecraft:smoker":2,"regions_unexplored:baobab_planks":24,"dungeonnowloading:spawner_fragment":29,"regions_unexplored:bamboo_sapling":6,"minecraft:bamboo_raft":1,"minecraft:shield":3,"man:tearoftheman":2,"minecraft:diamond_chestplate":1,"aether:diamond_gloves":1,"minecraft:orange_terracotta":6,"minecraft:iron_chestplate":4,"minecraft:andesite":8,"minecraft:diamond_boots":1,"minecraft:stone_pickaxe":3,"minecraft:wooden_pickaxe":1,"minecraft:brick":8},"minecraft:picked_up":{"minecraft:iron_chestplate":3,"minecraft:anvil":3,"minecraft:smithing_table":4,"regions_unexplored:silt_dirt":284,"minecraft:oak_stairs":10,"minecraft:enchanted_book":5,"minecraft:string":9,"minecraft:red_nether_bricks":72,"minecraft:gold_nugget":19,"minecraft:cobbled_deepslate":20,"bosses_of_mass_destruction:soul_star":2,"minecraft:spruce_planks":3,"born_in_chaos_v1:shattered_skull":3,"minecraft:acacia_log":5,"born_in_chaos_v1:pileof_dark_metal":1,"minecraft:sandstone_wall":2,"minecraft:cherry_log":2,"minecraft:stone_sword":1,"minecraft:iron_block":16,"minecraft:white_terracotta":77,"minecraft:blaze_rod":2,"minecraft:magma_block":7,"minecraft:feather":5,"minecraft:water_bucket":3,"minecraft:jungle_log":1,"minecraft:smoker":6,"regions_unexplored:dead_steppe_shrub":1,"alexsmobs:bison_fur":4,"minecraft:flint":2,"travelersbackpack:gold_tier_upgrade":1,"lootr:trophy":5,"regions_unexplored:bamboo_log":25,"grimoireofgaia:box_overworld":1,"minecraft:stripped_acacia_wood":1,"regions_unexplored:baobab_planks":159,"minecraft:ink_sac":1,"minecraft:dark_oak_log":1,"man:tearoftheman":1,"minecraft:blue_terracotta":3,"minecraft:deepslate":1,"cataclysm:sandstone_falling_trap":1,"minecraft:granite":2,"alexsmobs:tarantula_hawk_wing_fragment":1,"minecraft:golden_horse_armor":1,"born_in_chaos_v1:rotten_fish":6,"regions_unexplored:baobab_log":1536,"minecraft:diamond_pickaxe":1,"minecraft:crafting_table":28,"minecraft:clay_ball":4,"minecraft:leather_leggings":3,"alexsmobs:cooked_catfish":1,"minecraft:red_bed":12,"minecraft:white_carpet":6,"dungeonnowloading:spawner_fragment":39,"minecraft:beef":6,"minecraft:iron_nugget":140,"minecraft:poppy":1,"minecraft:chest":1,"minecraft:egg":1,"minecraft:sandstone":53,"minecraft:oak_door":4,"artifacts:charm_of_sinking":1,"minecraft:spruce_fence":1,"born_in_chaos_v1:pieceofdarkmetal":7,"minecraft:carrot":44,"minecraft:redstone":81,"born_in_chaos_v1:charmof_fury":1,"grimoireofgaia:bag_book":2,"minecraft:hay_block":51,"minecraft:gold_ingot":21,"minecraft:totem_of_undying":3,"minecraft:polished_blackstone":4,"minecraft:mutton":6,"minecraft:white_wool":18,"minecraft:bone_block":117,"minecraft:stripped_oak_log":16,"born_in_chaos_v1:monster_flesh":3,"minecraft:tripwire_hook":3,"minecraft:oak_log":172,"minecraft:white_banner":2,"minecraft:stone_bricks":1,"minecraft:stone_pickaxe":1,"minecraft:gray_bed":1,"travelersbackpack:blank_upgrade":11,"born_in_chaos_v1:ethereal_spirit":4,"minecraft:gravel":4,"grimoireofgaia:box_iron":1,"minecraft:oak_wood":1,"minecraft:coal_ore":4,"born_in_chaos_v1:pile_of_skulls":1,"minecraft:stone_axe":5,"cataclysm:sandstone_poison_dart_trap":1,"minecraft:ender_pearl":1,"minecraft:wheat":3,"minecraft:potion":1,"minecraft:iron_leggings":3,"regions_unexplored:bamboo_sapling":10,"minecraft:bucket":8,"minecraft:cobblestone_slab":2,"minecraft:iron_boots":1,"minecraft:furnace":21,"minecraft:stick":202,"minecraft:tipped_arrow":3,"wom:golden_monocle":1,"minecraft:torch":6,"travelersbackpack:iron_tier_upgrade":1,"epicfight:skillbook":9,"minecraft:porkchop":13,"minecraft:diorite":1,"minecraft:rotten_flesh":62,"regions_unexplored:mauve_log":2,"alexsmobs:emu_egg":2,"minecraft:cobblestone":398,"minecraft:leather_chestplate":1,"minecraft:andesite":19,"minecraft:potato":201,"minecraft:smooth_sandstone_stairs":19,"minecraft:dirt":70,"minecraft:lapis_lazuli":76,"born_in_chaos_v1:monster_skin":1,"minecraft:leather_boots":3,"minecraft:glass":2,"minecraft:bone":77,"minecraft:bow":2,"minecraft:wheat_seeds":49,"minecraft:raw_gold":27,"regions_unexplored:baobab_sapling":54,"minecraft:mossy_stone_bricks":1,"minecraft:fletching_table":11,"minecraft:bamboo":41,"minecraft:oak_planks":93,"regions_unexplored:baobab_boat":5,"minecraft:bamboo_raft":1,"minecraft:sand":139,"minecraft:jungle_planks":4,"minecraft:mossy_cobblestone":3,"minecraft:chiseled_sandstone":3,"grimoireofgaia:shiny_pearl":2,"minecraft:diamond":54,"waystones:waystone":2,"minecraft:crossbow":2,"minecraft:emerald":56,"minecraft:netherrack":40,"minecraft:andesite_slab":1,"born_in_chaos_v1:diamond_termite_shard":4,"minecraft:azure_bluet":1,"minecraft:chicken":3,"minecraft:ladder":3,"minecraft:gold_block":120,"minecraft:diamond_horse_armor":1,"minecraft:brick":8,"minecraft:shield":1,"aether:leather_gloves":1,"minecraft:iron_axe":1,"minecraft:wooden_sword":1,"minecraft:blackstone":1,"minecraft:candle":2,"minecraft:andesite_stairs":1,"minecraft:raw_iron":121,"grimoireofgaia:meat":11,"minecraft:note_block":1,"minecraft:polished_blackstone_bricks":2,"minecraft:dark_oak_planks":29,"minecraft:arrow":77,"regions_unexplored:redstone_bulb":9,"minecraft:pumpkin_pie":1,"minecraft:saddle":2,"minecraft:glistering_melon_slice":1,"minecraft:skeleton_skull":3,"born_in_chaos_v1:corpse_maggot":13,"minecraft:golden_carrot":10,"minecraft:cut_sandstone":24,"minecraft:leather":36,"minecraft:yellow_bed":6,"minecraft:nether_wart_block":8,"minecraft:gunpowder":6,"minecraft:cobblestone_stairs":6,"minecraft:orange_terracotta":6,"minecraft:smooth_sandstone":184,"minecraft:red_carpet":1,"minecraft:iron_ingot":26,"minecraft:stripped_oak_wood":3,"minecraft:polished_andesite_slab":2,"minecraft:acacia_sapling":2,"minecraft:book":15,"minecraft:bamboo_planks":2,"born_in_chaos_v1:dark_rod":2,"minecraft:white_bed":4,"minecraft:nether_brick_slab":2,"minecraft:mossy_stone_brick_slab":4,"minecraft:spider_eye":1,"minecraft:iron_helmet":1,"minecraft:terracotta":4,"minecraft:dark_oak_wood":12,"minecraft:coal":161}},"DataVersion":3465}