{"stats":{"minecraft:broken":{"minecraft:stone_pickaxe":2,"minecraft:stone_axe":9,"minecraft:golden_axe":1,"minecraft:iron_axe":1,"minecraft:iron_pickaxe":2,"minecraft:iron_helmet":1,"minecraft:golden_pickaxe":2},"minecraft:crafted":{"regions_unexplored:baobab_planks":4254,"minecraft:oak_planks":716,"minecraft:cooked_chicken":2,"minecraft:cobblestone_stairs":8,"minecraft:cooked_mutton":4,"minecraft:bow":12,"minecraft:iron_boots":2,"minecraft:chest":4,"minecraft:arrow":896,"minecraft:emerald":302,"minecraft:cooked_porkchop":9,"minecraft:crafting_table":4,"minecraft:iron_helmet":2,"minecraft:wooden_pickaxe":2,"minecraft:baked_potato":126,"minecraft:smithing_table":1,"minecraft:golden_pickaxe":2,"minecraft:fletching_table":3,"minecraft:iron_chestplate":2,"minecraft:wooden_hoe":2,"minecraft:shield":3,"minecraft:stick":9466,"minecraft:iron_ingot":119,"minecraft:iron_pickaxe":4,"minecraft:stone_sword":1,"minecraft:gold_ingot":27,"minecraft:oak_door":3,"minecraft:stone_shovel":13,"minecraft:furnace":4,"minecraft:bone_meal":117,"minecraft:iron_axe":1,"minecraft:stone_pickaxe":4,"minecraft:dark_oak_planks":44,"minecraft:wheat":90,"minecraft:cooked_beef":6,"minecraft:iron_sword":1,"minecraft:stone_axe":18,"minecraft:bread":31,"minecraft:air":0,"minecraft:oak_boat":2,"minecraft:golden_apple":4,"minecraft:iron_shovel":6,"minecraft:iron_leggings":2,"minecraft:acacia_planks":12},"minecraft:killed":{"born_in_chaos_v1:zombie_lumberjack":1,"mythicmounts:dragon":3,"minecraft:spider":4,"born_in_chaos_v1:siamese_skeletonsright":1,"grimoireofgaia:orc":1,"grimoireofgaia:goblin":6,"minecraft:skeleton":7,"minecraft:chicken":2,"grimoireofgaia:gravemite":2,"grimoireofgaia:mandragora":1,"grimoireofgaia:flesh_lich":2,"born_in_chaos_v1:bonescaller":1,"minecraft:pig":5,"born_in_chaos_v1:diamond_termite":2,"grimoireofgaia:bone_knight":2,"minecraft:creeper":2,"minecraft:sheep":4,"minecraft:zombie":12,"born_in_chaos_v1:dread_hound":3,"born_in_chaos_v1:corpse_fly":4,"born_in_chaos_v1:siamese_skeletonsleft":1,"minecraft:cow":1,"grimoireofgaia:satyress":1,"alexsmobs:tarantula_hawk":1,"born_in_chaos_v1:zombie_bruiser":1,"grimoireofgaia:centaur":5,"born_in_chaos_v1:dire_hound_leader":1,"grimoireofgaia:bee":1,"alexsmobs:bison":1,"cataclysm:koboleton":17,"minecraft:husk":31,"grimoireofgaia:cecaelia":1,"alexsmobs:emu":1,"grimoireofgaia:mummy":1,"born_in_chaos_v1:dark_vortex":1,"minecraft:wither_skeleton":24},"minecraft:mined":{"minecraft:dark_oak_planks":9,"minecraft:cut_sandstone_slab":3,"minecraft:spruce_planks":1,"minecraft:white_bed":3,"minecraft:andesite_stairs":1,"regions_unexplored:deepslate_prismoss":4,"minecraft:cobblestone_stairs":7,"minecraft:red_nether_bricks":113,"cataclysm:sandstone_ignite_trap":21,"regions_unexplored:baobab_planks":6,"minecraft:granite":2,"minecraft:acacia_log":4,"minecraft:grass_block":25,"minecraft:cracked_polished_blackstone_bricks":5,"minecraft:smooth_stone":4,"minecraft:spawner":7,"cataclysm:sandstone_poison_dart_trap":15,"minecraft:tall_seagrass":1,"minecraft:polished_blackstone_bricks":14,"minecraft:magma_block":4,"minecraft:glowstone":1,"regions_unexplored:pointed_redstone":4,"minecraft:fire":8,"minecraft:iron_ore":108,"minecraft:deepslate_lapis_ore":4,"minecraft:fletching_table":8,"minecraft:pointed_dripstone":2,"minecraft:dirt_path":7,"minecraft:oak_stairs":11,"minecraft:smooth_sandstone_stairs":23,"regions_unexplored:silt_grass_block":23,"minecraft:tripwire":1,"regions_unexplored:dead_steppe_shrub":2,"minecraft:cut_sandstone":15,"minecraft:blackstone":7,"minecraft:red_bed":12,"minecraft:smoker":5,"minecraft:orange_terracotta":8,"minecraft:clay":5,"minecraft:note_block":1,"minecraft:dark_oak_wood":13,"minecraft:poppy":1,"minecraft:dead_bush":1,"minecraft:nether_brick_slab":2,"minecraft:cobblestone":56,"minecraft:oak_planks":68,"minecraft:smooth_sandstone_slab":1,"minecraft:wall_torch":3,"minecraft:skeleton_skull":2,"minecraft:white_terracotta":73,"minecraft:seagrass":1,"minecraft:blue_terracotta":5,"minecraft:bamboo_planks":4,"minecraft:nether_wart_block":11,"minecraft:wheat":20,"minecraft:grass":115,"minecraft:oak_log":180,"minecraft:sand":69,"minecraft:dirt":58,"minecraft:sandstone_wall":6,"minecraft:tripwire_hook":2,"minecraft:stonecutter":1,"regions_unexplored:prismoss_sprout":4,"minecraft:oak_leaves":14,"minecraft:deepslate":72,"minecraft:tuff":2,"minecraft:red_carpet":1,"minecraft:mossy_cobblestone":2,"minecraft:deepslate_diamond_ore":3,"minecraft:candle":1,"minecraft:oak_door":3,"born_in_chaos_v1:infected_diamond_ore":1,"minecraft:nether_bricks":12,"minecraft:glow_lichen":1,"minecraft:ladder":1,"minecraft:chiseled_bookshelf":3,"minecraft:polished_andesite_slab":3,"minecraft:spruce_leaves":1,"minecraft:moss_block":2,"regions_unexplored:raw_redstone_block":8,"minecraft:sandstone":42,"minecraft:hay_block":11,"regions_unexplored:baobab_log":1176,"minecraft:furnace":17,"minecraft:carrots":3,"minecraft:chiseled_sandstone":10,"minecraft:andesite":15,"minecraft:gold_block":14,"minecraft:bookshelf":5,"minecraft:potatoes":60,"minecraft:shroomlight":1,"minecraft:deepslate_iron_ore":13,"minecraft:stripped_oak_log":16,"minecraft:smooth_quartz_stairs":1,"regions_unexplored:medium_grass":81,"minecraft:bamboo_sapling":1,"minecraft:bamboo":10,"minecraft:stone":331,"regions_unexplored:redstone_bulb":4,"minecraft:podzol":1,"minecraft:smithing_table":2,"minecraft:acacia_leaves":1,"minecraft:glass_pane":4,"minecraft:dandelion":2,"minecraft:smooth_sandstone":127,"minecraft:crafting_table":21,"minecraft:oak_wood":1,"regions_unexplored:silt_dirt":277,"minecraft:crimson_slab":1,"minecraft:andesite_slab":2,"minecraft:copper_ore":6,"minecraft:tall_grass":146,"regions_unexplored:baobab_branch":2,"regions_unexplored:mauve_log":3,"minecraft:quartz_bricks":5,"minecraft:lapis_ore":7,"farmersdelight:wild_tomatoes":1,"minecraft:deepslate_gold_ore":16,"minecraft:diorite":4,"regions_unexplored:prismarite_cluster":1,"minecraft:coarse_dirt":1,"regions_unexplored:redstone_bud":37,"minecraft:white_carpet":1,"minecraft:gray_bed":1,"minecraft:yellow_bed":6,"cataclysm:sandstone_falling_trap":1,"minecraft:coal_ore":52,"minecraft:gravel":38,"minecraft:cobweb":1,"regions_unexplored:baobab_leaves":35,"minecraft:terracotta":4,"minecraft:polished_blackstone":5,"minecraft:stone_bricks":2,"minecraft:mossy_stone_bricks":1,"minecraft:gold_ore":11,"minecraft:fern":5},"minecraft:dropped":{"minecraft:brown_mushroom":1,"minecraft:baked_potato":18,"minecraft:glass_bottle":2,"minecraft:crafting_table":1,"minecraft:leather":1,"minecraft:iron_horse_armor":1,"minecraft:saddle":2,"minecraft:music_disc_13":1,"minecraft:dirt":3,"artifacts:thorn_pendant":1,"born_in_chaos_v1:monster_skin":1,"wom:golden_kit":1,"minecraft:mutton":2,"minecraft:cut_sandstone":12,"minecraft:gold_nugget":1,"minecraft:sand":6,"minecraft:polished_blackstone_bricks":2,"minecraft:iron_pickaxe":2,"minecraft:white_wool":3,"regions_unexplored:redstone_bulb":4,"minecraft:gold_ingot":1,"minecraft:bone":1,"minecraft:oak_door":3,"minecraft:gravel":2,"wom:golden_monocle":1,"minecraft:note_block":1,"minecraft:stone_axe":7,"minecraft:iron_nugget":5,"minecraft:cobbled_deepslate":2,"minecraft:smooth_sandstone_stairs":19,"minecraft:rotten_flesh":16,"minecraft:oak_planks":18,"bosses_of_mass_destruction:soul_star":2,"minecraft:sandstone_wall":2,"minecraft:poppy":1,"minecraft:gunpowder":13,"minecraft:skeleton_skull":1,"minecraft:melon_seeds":2,"born_in_chaos_v1:corpse_maggot":1,"minecraft:leather_boots":1,"minecraft:acacia_sapling":1,"minecraft:ladder":3,"born_in_chaos_v1:diamond_termite_shard":2,"minecraft:red_nether_bricks":5,"minecraft:arrow":332,"farmersdelight:tomato_seeds":4,"minecraft:wheat_seeds":7,"minecraft:polished_blackstone":4,"minecraft:mossy_cobblestone":1,"minecraft:golden_horse_armor":3,"minecraft:iron_helmet":2,"minecraft:cobblestone":46,"grimoireofgaia:shiny_pearl":2,"minecraft:stick":25,"minecraft:cobweb":5,"minecraft:diamond_horse_armor":1,"minecraft:diorite":1,"minecraft:torch":1,"minecraft:wooden_hoe":1,"minecraft:nether_wart_block":8,"minecraft:iron_leggings":2,"minecraft:oak_stairs":2,"minecraft:iron_shovel":2,"minecraft:string":11,"minecraft:smooth_sandstone":69,"minecraft:tripwire_hook":3,"minecraft:chiseled_sandstone":1,"minecraft:redstone":2,"minecraft:bamboo_planks":1,"minecraft:nether_brick_slab":2,"minecraft:blue_terracotta":3,"epicfight:uchigatana":1,"minecraft:stone_sword":2,"alexsmobs:tarantula_hawk_wing_fragment":1,"regions_unexplored:baobab_log":41,"farmersdelight:cabbage_seeds":5,"minecraft:stone_shovel":12,"minecraft:white_carpet":5,"minecraft:iron_boots":3,"cataclysm:sandstone_poison_dart_trap":1,"regions_unexplored:mauve_log":2,"regions_unexplored:baobab_planks":7,"dungeonnowloading:spawner_fragment":29,"regions_unexplored:bamboo_sapling":2,"minecraft:shield":3,"man:tearoftheman":2,"minecraft:orange_terracotta":6,"minecraft:iron_chestplate":3,"minecraft:andesite":8,"minecraft:andesite_stairs":1,"minecraft:spider_eye":1,"minecraft:bamboo":13,"minecraft:sandstone":7,"minecraft:bow":2,"minecraft:stone_pickaxe":3,"minecraft:wooden_pickaxe":1,"waystones:waystone":1,"cataclysm:sandstone_falling_trap":1,"minecraft:magma_block":1,"regions_unexplored:silt_dirt":7,"epicfight:skillbook":3},"minecraft:picked_up":{"minecraft:iron_chestplate":1,"minecraft:wheat":3,"minecraft:smithing_table":2,"regions_unexplored:silt_dirt":260,"minecraft:oak_stairs":9,"minecraft:enchanted_book":1,"minecraft:string":9,"minecraft:red_nether_bricks":72,"minecraft:iron_leggings":1,"regions_unexplored:bamboo_sapling":2,"minecraft:gold_nugget":3,"minecraft:cobbled_deepslate":20,"bosses_of_mass_destruction:soul_star":2,"minecraft:spruce_planks":1,"minecraft:cobblestone_slab":2,"minecraft:iron_boots":1,"minecraft:furnace":17,"minecraft:stick":175,"wom:golden_monocle":1,"born_in_chaos_v1:shattered_skull":3,"minecraft:torch":6,"minecraft:acacia_log":5,"epicfight:skillbook":7,"minecraft:sandstone_wall":2,"minecraft:porkchop":9,"minecraft:cherry_log":2,"minecraft:diorite":1,"minecraft:stone_sword":1,"minecraft:rotten_flesh":41,"regions_unexplored:mauve_log":2,"alexsmobs:emu_egg":2,"minecraft:white_terracotta":70,"minecraft:blaze_rod":2,"minecraft:cobblestone":396,"minecraft:magma_block":1,"minecraft:leather_chestplate":1,"minecraft:feather":3,"minecraft:andesite":19,"minecraft:smoker":5,"minecraft:potato":201,"regions_unexplored:dead_steppe_shrub":1,"alexsmobs:bison_fur":4,"minecraft:flint":2,"minecraft:smooth_sandstone_stairs":19,"minecraft:lapis_lazuli":76,"minecraft:dirt":70,"born_in_chaos_v1:monster_skin":1,"minecraft:leather_boots":3,"minecraft:bone":46,"minecraft:bow":1,"minecraft:wheat_seeds":47,"minecraft:raw_gold":27,"regions_unexplored:baobab_sapling":26,"minecraft:mossy_stone_bricks":1,"minecraft:fletching_table":8,"minecraft:bamboo":40,"minecraft:oak_planks":61,"grimoireofgaia:box_overworld":1,"regions_unexplored:baobab_planks":121,"minecraft:sand":72,"minecraft:bamboo_raft":1,"minecraft:ink_sac":1,"minecraft:mossy_cobblestone":2,"minecraft:dark_oak_log":1,"minecraft:chiseled_sandstone":3,"grimoireofgaia:shiny_pearl":2,"man:tearoftheman":1,"minecraft:blue_terracotta":3,"minecraft:diamond":3,"minecraft:deepslate":1,"waystones:waystone":2,"cataclysm:sandstone_falling_trap":1,"minecraft:granite":2,"alexsmobs:tarantula_hawk_wing_fragment":1,"minecraft:golden_horse_armor":1,"minecraft:emerald":26,"born_in_chaos_v1:rotten_fish":4,"minecraft:andesite_slab":1,"regions_unexplored:baobab_log":1106,"minecraft:diamond_pickaxe":1,"minecraft:crafting_table":19,"born_in_chaos_v1:diamond_termite_shard":4,"minecraft:chicken":3,"minecraft:ladder":3,"minecraft:leather_leggings":3,"minecraft:gold_block":14,"minecraft:diamond_horse_armor":1,"minecraft:shield":1,"aether:leather_gloves":1,"alexsmobs:cooked_catfish":1,"minecraft:red_bed":12,"minecraft:wooden_sword":1,"minecraft:white_carpet":6,"dungeonnowloading:spawner_fragment":35,"minecraft:candle":2,"minecraft:beef":6,"minecraft:andesite_stairs":1,"minecraft:iron_nugget":18,"minecraft:poppy":1,"minecraft:raw_iron":121,"minecraft:sandstone":53,"grimoireofgaia:meat":1,"minecraft:oak_door":4,"artifacts:charm_of_sinking":1,"minecraft:note_block":1,"minecraft:polished_blackstone_bricks":2,"born_in_chaos_v1:pieceofdarkmetal":7,"minecraft:carrot":5,"minecraft:redstone":79,"minecraft:dark_oak_planks":29,"minecraft:arrow":43,"regions_unexplored:redstone_bulb":9,"grimoireofgaia:bag_book":1,"minecraft:hay_block":11,"minecraft:saddle":1,"minecraft:skeleton_skull":1,"minecraft:polished_blackstone":4,"minecraft:mutton":6,"minecraft:white_wool":4,"minecraft:stripped_oak_log":16,"born_in_chaos_v1:corpse_maggot":7,"born_in_chaos_v1:monster_flesh":3,"minecraft:tripwire_hook":3,"minecraft:cut_sandstone":24,"minecraft:leather":4,"minecraft:oak_log":171,"minecraft:yellow_bed":6,"minecraft:nether_wart_block":8,"minecraft:gunpowder":6,"minecraft:cobblestone_stairs":6,"minecraft:orange_terracotta":6,"minecraft:smooth_sandstone":96,"minecraft:red_carpet":1,"minecraft:iron_ingot":11,"minecraft:stone_pickaxe":1,"minecraft:gray_bed":1,"minecraft:polished_andesite_slab":2,"minecraft:acacia_sapling":2,"minecraft:book":15,"minecraft:bamboo_planks":2,"born_in_chaos_v1:ethereal_spirit":1,"minecraft:gravel":4,"minecraft:white_bed":3,"minecraft:nether_brick_slab":2,"minecraft:spider_eye":1,"minecraft:oak_wood":1,"minecraft:coal_ore":4,"minecraft:stone_axe":5,"minecraft:iron_helmet":1,"minecraft:terracotta":4,"cataclysm:sandstone_poison_dart_trap":1,"minecraft:dark_oak_wood":12,"minecraft:coal":160,"minecraft:ender_pearl":1},"minecraft:used":{"alexsmobs:emu_egg":1,"minecraft:iron_shovel":309,"minecraft:chest":4,"minecraft:shield":74,"minecraft:white_terracotta":62,"minecraft:iron_sword":73,"minecraft:iron_chestplate":3,"wom:golden_monocle":1,"born_in_chaos_v1:corpse_maggot":1,"minecraft:coal_ore":4,"minecraft:iron_helmet":2,"minecraft:dark_oak_wood":1,"minecraft:bow":549,"minecraft:hay_block":1,"minecraft:furnace":21,"minecraft:gray_bed":1,"minecraft:potato":107,"epicfight:skillbook":10,"minecraft:diamond_boots":1,"minecraft:oak_planks":114,"minecraft:stone_pickaxe":385,"minecraft:wooden_pickaxe":27,"minecraft:sandstone":46,"minecraft:golden_apple":1,"minecraft:sand":42,"waystones:waystone":1,"born_in_chaos_v1:monster_flesh":1,"minecraft:bread":41,"minecraft:deepslate":1,"minecraft:polished_andesite_slab":2,"regions_unexplored:baobab_log":1,"minecraft:smithing_table":3,"minecraft:andesite":8,"minecraft:oak_boat":2,"minecraft:bone_meal":117,"minecraft:golden_pickaxe":65,"minecraft:stone_sword":91,"minecraft:acacia_log":2,"minecraft:stone_shovel":74,"minecraft:cooked_chicken":2,"minecraft:oak_door":4,"minecraft:torch":5,"minecraft:dirt":34,"minecraft:dark_oak_planks":27,"minecraft:iron_axe":250,"minecraft:oak_stairs":1,"minecraft:smooth_sandstone":27,"minecraft:iron_boots":2,"minecraft:bamboo":4,"minecraft:cooked_beef":3,"minecraft:golden_axe":45,"minecraft:cherry_log":1,"minecraft:cobbled_deepslate":18,"minecraft:iron_leggings":2,"minecraft:cooked_mutton":3,"alexsmobs:cooked_catfish":1,"minecraft:cobblestone_stairs":13,"minecraft:baked_potato":96,"minecraft:red_nether_bricks":67,"minecraft:cut_sandstone":12,"minecraft:fletching_table":11,"minecraft:leather_boots":1,"minecraft:terracotta":2,"minecraft:crafting_table":22,"minecraft:red_bed":12,"minecraft:white_bed":2,"minecraft:smoker":5,"minecraft:oak_log":4,"minecraft:diamond_pickaxe":102,"minecraft:wooden_hoe":45,"wom:golden_kit":1,"minecraft:iron_pickaxe":805,"regions_unexplored:baobab_planks":12,"minecraft:stone_axe":1270,"minecraft:cobblestone":252,"minecraft:potion":2,"minecraft:cooked_porkchop":4,"minecraft:yellow_bed":5,"regions_unexplored:silt_dirt":235},"minecraft:killed_by":{"endofherobrine:cow":3,"born_in_chaos_v1:nightmare_stalker":3,"minecraft:wither_skeleton":6,"born_in_chaos_v1:zombie_bruiser":1,"creeperoverhaul:desert_creeper":1,"man:managgresive":2,"grimoireofgaia:cecaelia":2,"grimoireofgaia:bone_knight":1,"grimoireofgaia:minotaurus":2,"cataclysm:koboleton":2,"grimoireofgaia:gravemite":1,"minecraft:player":4,"grimoireofgaia:orc":2,"born_in_chaos_v1:phantom_creeper":1,"born_in_chaos_v1:fallen_chaos_knight":1,"grimoireofgaia:flesh_lich":1,"grimoireofgaia:ant_salvager":1,"minecraft:skeleton":5,"born_in_chaos_v1:corpse_fish":1,"grimoireofgaia:creep":1},"minecraft:custom":{"lootr:looted_stat":47,"minecraft:interact_with_crafting_table":87,"minecraft:open_barrel":5,"minecraft:leave_game":25,"minecraft:time_since_death":11989,"minecraft:sprint_one_cm":2232868,"minecraft:damage_blocked_by_shield":4290,"minecraft:drop":194,"minecraft:play_noteblock":10,"minecraft:talked_to_villager":174,"minecraft:play_time":572767,"minecraft:deaths":43,"minecraft:jump":7583,"minecraft:walk_on_water_one_cm":205264,"minecraft:interact_with_furnace":151,"minecraft:traded_with_villager":398,"minecraft:sleep_in_bed":22,"minecraft:waystone_activated":1,"minecraft:damage_dealt":8784,"minecraft:player_kills":3,"minecraft:crouch_one_cm":426774,"minecraft:interact_with_smoker":16,"minecraft:horse_one_cm":329906,"minecraft:interact_with_anvil":1,"minecraft:mob_kills":172,"minecraft:damage_dealt_resisted":148,"minecraft:climb_one_cm":4820,"minecraft:walk_one_cm":3004448,"minecraft:sneak_time":83363,"minecraft:walk_under_water_one_cm":132109,"minecraft:boat_one_cm":91590,"minecraft:total_world_time":572767,"minecraft:tune_noteblock":6,"minecraft:time_since_rest":12024,"minecraft:damage_taken":17175,"minecraft:damage_absorbed":40,"minecraft:swim_one_cm":122378,"minecraft:fly_one_cm":1963710,"minecraft:open_chest":168,"minecraft:fall_one_cm":138710}},"DataVersion":3465}