{"stats":{"minecraft:custom":{"minecraft:interact_with_crafting_table":77,"minecraft:open_barrel":4,"minecraft:bell_ring":1,"minecraft:leave_game":30,"minecraft:time_since_death":128771,"minecraft:damage_blocked_by_shield":2605,"minecraft:play_time":1093097,"minecraft:deaths":75,"minecraft:jump":9535,"minecraft:interact_with_furnace":117,"minecraft:traded_with_villager":160,"minecraft:interact_with_cartography_table":3,"minecraft:sleep_in_bed":42,"minecraft:waystone_activated":2,"minecraft:damage_dealt":52986,"minecraft:interact_with_smoker":8,"minecraft:horse_one_cm":10983329,"minecraft:interact_with_smithing_table":13,"minecraft:interact_with_anvil":26,"minecraft:damage_dealt_absorbed":669,"minecraft:sneak_time":21734,"minecraft:interact_with_blast_furnace":1,"minecraft:total_world_time":1093097,"minecraft:tune_noteblock":11,"minecraft:time_since_rest":42922,"minecraft:swim_one_cm":448350,"minecraft:fly_one_cm":3851318,"minecraft:open_chest":46,"minecraft:fall_one_cm":211193,"lootr:looted_stat":95,"minecraft:sprint_one_cm":2378709,"minecraft:drop":270,"minecraft:play_noteblock":3,"minecraft:talked_to_villager":84,"minecraft:walk_on_water_one_cm":382471,"minecraft:player_kills":3,"minecraft:crouch_one_cm":57691,"minecraft:mob_kills":372,"minecraft:damage_dealt_resisted":900,"minecraft:climb_one_cm":5735,"minecraft:walk_one_cm":4184138,"minecraft:walk_under_water_one_cm":230623,"minecraft:boat_one_cm":217769,"minecraft:raid_trigger":1,"minecraft:interact_with_grindstone":7,"minecraft:damage_taken":36405,"minecraft:damage_absorbed":633,"minecraft:trigger_trapped_chest":2,"minecraft:aviate_one_cm":198361},"minecraft:dropped":{"minecraft:iron_sword":1,"minecraft:chorus_fruit":1,"minecraft:glass_bottle":5,"minecraft:crafting_table":2,"minecraft:cooked_porkchop":3,"minecraft:crossbow":1,"minecraft:saddle":3,"born_in_chaos_v1:nightmare_claw":2,"minecraft:cut_sandstone_slab":2,"minecraft:emerald":2,"minecraft:gold_block":1,"born_in_chaos_v1:monster_flesh":1,"artifacts:thorn_pendant":1,"alexsmobs:roadrunner_feather":3,"artifacts:charm_of_sinking":1,"minecraft:gold_nugget":1,"minecraft:bone_meal":1,"minecraft:iron_pickaxe":2,"minecraft:sugar":4,"minecraft:dark_oak_planks":1,"minecraft:white_wool":1,"minecraft:bone":18,"minecraft:goat_horn":2,"alexsmobs:gazelle_horn":1,"minecraft:iron_nugget":27,"minecraft:cobbled_deepslate":78,"alexsmobs:animal_dictionary":1,"cataclysm:chiseled_stone_brick_pillar":1,"aether:golden_gloves":2,"minecraft:wheat":7,"minecraft:rotten_flesh":49,"minecraft:oak_planks":2,"minecraft:quartz_bricks":2,"regions_unexplored:baobab_sapling":5,"farmersdelight:rope":12,"grimoireofgaia:meat":2,"minecraft:enchanted_book":1,"born_in_chaos_v1:shattered_skull":2,"minecraft:wheat_seeds":6,"minecraft:tnt":1,"minecraft:feather":6,"minecraft:cobblestone":25,"minecraft:granite":2,"minecraft:golden_apple":1,"regions_unexplored:daisy":1,"minecraft:potion":1,"minecraft:iron_shovel":2,"minecraft:string":8,"minecraft:furnace":1,"alexsmobs:acacia_blossom":2,"minecraft:bowl":2,"born_in_chaos_v1:rotten_fish":6,"minecraft:clay_ball":24,"minecraft:stone_slab":1,"minecraft:spider_eye":2,"minecraft:bamboo":26,"minecraft:sandstone":15,"epicfight:skillbook":7,"minecraft:black_wool":1,"minecraft:moss_block":4,"minecraft:brown_mushroom":5,"minecraft:iron_horse_armor":1,"travelersbackpack:standard":1,"alexsmobs:bison_fur":2,"farmersdelight:rice":2,"minecraft:flint":7,"minecraft:dispenser":1,"wom:golden_kit":2,"minecraft:mutton":3,"minecraft:cut_sandstone":1,"alexsmobs:cooked_catfish":1,"minecraft:gravel":5,"born_in_chaos_v1:ethereal_spirit":4,"minecraft:poppy":2,"born_in_chaos_v1:corpse_maggot":5,"minecraft:arrow":2,"minecraft:bread":3,"minecraft:oak_slab":6,"minecraft:mossy_cobblestone":1,"wom:golden_mokassin":1,"minecraft:copper_ingot":1,"wom:golden_chrono":1,"minecraft:iron_block":10,"minecraft:deepslate_brick_stairs":2,"the_bumblezone:sugar_water_bucket":1,"minecraft:green_carpet":3,"minecraft:iron_axe":1,"minecraft:tripwire_hook":1,"minecraft:dandelion":2,"minecraft:chiseled_sandstone":1,"minecraft:redstone":130,"alexsmobs:maggot":1,"epicfight:uchigatana":7,"grimoireofgaia:bag_book":1,"minecraft:tuff":5,"minecraft:light_gray_wool":1,"regions_unexplored:baobab_planks":4,"dungeonnowloading:spawner_fragment":7,"regions_unexplored:bamboo_sapling":2,"minecraft:filled_map":3,"man:tearoftheman":1,"aether:diamond_gloves":1,"minecraft:iron_chestplate":3,"minecraft:diamond_boots":1,"minecraft:wooden_pickaxe":1,"wom:diamond_crown":1,"minecraft:brick":3},"minecraft:mined":{"minecraft:dark_oak_planks":9,"minecraft:cut_sandstone_slab":7,"minecraft:white_bed":2,"alexsmobs:leafcutter_anthill":1,"minecraft:jungle_leaves":17,"minecraft:red_nether_bricks":1,"man:cassetteplayer":2,"minecraft:granite":2,"minecraft:acacia_log":5,"minecraft:spawner":2,"minecraft:tall_seagrass":1,"minecraft:cobbled_deepslate":29,"minecraft:fire":43,"minecraft:fletching_table":2,"minecraft:deepslate_lapis_ore":5,"minecraft:enchanting_table":2,"minecraft:deepslate_brick_stairs":2,"minecraft:green_carpet":4,"minecraft:smooth_sandstone_stairs":19,"minecraft:tripwire":4,"minecraft:cut_sandstone":8,"minecraft:brown_mushroom":4,"minecraft:red_bed":2,"minecraft:smoker":3,"born_in_chaos_v1:infected_deepslate_diamond_ore":2,"minecraft:torch":4,"minecraft:blast_furnace":2,"minecraft:nether_brick_slab":1,"minecraft:sugar_cane":2,"regions_unexplored:hyssop":1,"minecraft:bamboo_planks":39,"minecraft:wheat":22,"minecraft:grass":19,"regions_unexplored:eucalyptus_log":1,"minecraft:sandstone_wall":1,"minecraft:deepslate":648,"minecraft:mossy_cobblestone":8,"minecraft:nether_bricks":2,"minecraft:moss_block":17,"minecraft:cartography_table":2,"minecraft:redstone_ore":7,"minecraft:andesite":7,"minecraft:bamboo":12,"minecraft:bone_block":6,"regions_unexplored:windswept_grass":3,"minecraft:smithing_table":1,"minecraft:oak_slab":12,"minecraft:smooth_sandstone":63,"regions_unexplored:silt_dirt":2,"minecraft:tall_grass":24,"minecraft:deepslate_gold_ore":15,"minecraft:diorite":1,"minecraft:trapped_chest":1,"minecraft:white_carpet":1,"regions_unexplored:sandy_grass":3,"cataclysm:sandstone_falling_trap":1,"minecraft:gravel":61,"minecraft:cobweb":2,"regions_unexplored:baobab_leaves":9,"minecraft:chipped_anvil":1,"minecraft:gold_ore":4,"minecraft:fern":3,"minecraft:stone_pressure_plate":1,"minecraft:spruce_planks":4,"minecraft:cobbled_deepslate_stairs":1,"cataclysm:sandstone_ignite_trap":37,"minecraft:cave_vines_plant":1,"minecraft:grass_block":5,"cataclysm:sandstone_poison_dart_trap":1,"minecraft:raw_iron_block":8,"minecraft:iron_ore":49,"minecraft:anvil":1,"minecraft:pointed_dripstone":1,"minecraft:deepslate_redstone_ore":20,"minecraft:orange_terracotta":2,"minecraft:clay":6,"minecraft:chest":1,"minecraft:cobblestone":13,"minecraft:grindstone":1,"minecraft:oak_planks":4,"regions_unexplored:bamboo_log":23,"minecraft:wall_torch":15,"minecraft:seagrass":1,"minecraft:nether_wart_block":1,"regions_unexplored:sandy_tall_grass":1,"minecraft:tnt":11,"regions_unexplored:steppe_grass":1,"minecraft:oak_log":6,"dungeonnowloading:wooden_wall_platform":1,"minecraft:sand":31,"minecraft:dirt":2,"minecraft:tripwire_hook":2,"minecraft:raw_copper_block":4,"minecraft:netherrack":17,"minecraft:oak_leaves":16,"minecraft:tuff":42,"minecraft:deepslate_diamond_ore":13,"minecraft:decorated_pot":2,"cataclysm:chiseled_stone_brick_pillar":4,"minecraft:polished_andesite_slab":2,"minecraft:acacia_slab":1,"minecraft:sandstone":19,"minecraft:hay_block":59,"regions_unexplored:baobab_log":504,"minecraft:furnace":12,"minecraft:chiseled_sandstone":1,"minecraft:gold_block":13,"minecraft:bookshelf":6,"minecraft:deepslate_iron_ore":36,"regions_unexplored:medium_grass":8,"minecraft:stone":129,"minecraft:acacia_leaves":1,"travelersbackpack:standard":8,"minecraft:oak_fence":1,"minecraft:crafting_table":6,"minecraft:oak_wood":8,"minecraft:lectern":1,"minecraft:stone_slab":4,"regions_unexplored:daisy":1,"minecraft:gray_wool":3,"minecraft:gray_bed":5,"minecraft:coal_ore":85,"minecraft:terracotta":6},"minecraft:used":{"alexsmobs:emu_egg":3,"minecraft:moss_block":13,"minecraft:polished_blackstone":1,"minecraft:poppy":2,"minecraft:chest":1,"minecraft:rotten_flesh":1,"minecraft:lava_bucket":8,"minecraft:bow":238,"minecraft:furnace":14,"minecraft:egg":1,"minecraft:potato":1,"dungeonnowloading:wooden_wall_platform":6,"minecraft:wooden_pickaxe":58,"minecraft:golden_apple":32,"minecraft:cut_sandstone_slab":1,"regions_unexplored:cherry_shrub":1,"minecraft:chiseled_sandstone":2,"born_in_chaos_v1:monster_flesh":3,"minecraft:nether_wart_block":1,"minecraft:diamond_sword":74,"minecraft:smithing_table":1,"minecraft:oak_boat":8,"minecraft:stone_sword":130,"minecraft:cooked_salmon":20,"minecraft:netherrack":5,"minecraft:torch":264,"minecraft:anvil":1,"minecraft:iron_axe":495,"minecraft:goat_horn":7,"minecraft:trapped_chest":1,"minecraft:acacia_planks":12,"minecraft:cobbled_deepslate":290,"minecraft:orange_terracotta":2,"minecraft:golden_axe":32,"minecraft:pointed_dripstone":1,"minecraft:wheat_seeds":64,"minecraft:water_bucket":36,"alexsmobs:cooked_catfish":2,"minecraft:lead":2,"minecraft:cartography_table":1,"minecraft:fletching_table":3,"minecraft:mossy_cobblestone":5,"minecraft:oak_slab":18,"minecraft:tnt":2,"minecraft:crafting_table":10,"minecraft:red_bed":4,"minecraft:white_bed":4,"minecraft:oak_log":1,"wom:diamond_crown":1,"minecraft:diamond_pickaxe":62,"minecraft:diamond_shovel":12,"regions_unexplored:baobab_planks":2,"minecraft:suspicious_stew":4,"minecraft:iron_pickaxe":604,"minecraft:cobblestone":49,"minecraft:potion":5,"travelersbackpack:standard":122,"minecraft:cooked_porkchop":11,"minecraft:andesite_stairs":1,"minecraft:blue_terracotta":2,"minecraft:iron_shovel":7,"minecraft:iron_sword":256,"minecraft:player_head":3,"minecraft:smooth_sandstone_stairs":13,"minecraft:mutton":1,"artifacts:umbrella":43,"minecraft:nether_bricks":2,"minecraft:carrot":2,"minecraft:tuff":2,"minecraft:obsidian":2,"born_in_chaos_v1:gnawed_bones":1,"epicfight:diamond_greatsword":235,"minecraft:magma_block":1,"minecraft:gray_bed":7,"grimoireofgaia:meat":12,"epicfight:skillbook":12,"minecraft:stone_pickaxe":678,"minecraft:oak_planks":6,"minecraft:sandstone":8,"minecraft:diamond_axe":23,"cataclysm:chiseled_stone_brick_pillar":58,"minecraft:white_wool":1,"minecraft:crossbow":1,"minecraft:note_block":1,"man:cassetteplayer":3,"minecraft:firework_rocket":5,"minecraft:bread":160,"minecraft:brown_wool":1,"minecraft:string":3,"minecraft:gravel":56,"born_in_chaos_v1:rotten_fish":1,"minecraft:grindstone":1,"minecraft:andesite":1,"minecraft:bone_meal":4,"minecraft:golden_pickaxe":32,"minecraft:oak_fence":3,"the_bumblezone:sugar_water_bucket":1,"cataclysm:sandstone_ignite_trap":4,"minecraft:cooked_chicken":2,"regions_unexplored:baobab_sapling":24,"minecraft:dirt":17,"minecraft:white_carpet":6,"farmersdelight:rope":12,"minecraft:dark_oak_planks":13,"minecraft:bamboo_raft":9,"minecraft:oak_stairs":4,"minecraft:smooth_sandstone":52,"minecraft:acacia_slab":1,"minecraft:cooked_beef":12,"minecraft:bamboo_planks":44,"minecraft:quartz_bricks":3,"minecraft:cooked_mutton":9,"minecraft:baked_potato":6,"cataclysm:khopesh":1,"minecraft:cut_sandstone":6,"minecraft:smoker":1,"minecraft:flower_pot":2,"minecraft:stone_slab":8,"minecraft:stone_axe":100,"minecraft:white_banner":3,"minecraft:bucket":50,"minecraft:yellow_bed":3,"alexsmobs:animal_dictionary":1},"minecraft:picked_up":{"minecraft:iron_chestplate":1,"minecraft:flower_pot":2,"minecraft:anvil":1,"minecraft:lead":12,"minecraft:smithing_table":1,"minecraft:stone_slab":4,"regions_unexplored:silt_dirt":12,"minecraft:oak_stairs":4,"minecraft:string":24,"minecraft:red_nether_bricks":2,"minecraft:gold_nugget":1,"minecraft:cobbled_deepslate":437,"minecraft:spruce_planks":4,"born_in_chaos_v1:shattered_skull":2,"minecraft:acacia_log":7,"minecraft:iron_block":10,"farmersdelight:rope":12,"minecraft:birch_log":2,"minecraft:magma_block":1,"minecraft:cooked_beef":13,"minecraft:feather":7,"minecraft:brown_wool":1,"minecraft:smoker":3,"alexsmobs:bison_fur":2,"minecraft:flint":5,"cataclysm:koboleton_bone":8,"minecraft:chipped_anvil":1,"minecraft:moss_block":17,"regions_unexplored:bamboo_log":24,"regions_unexplored:baobab_planks":30,"minecraft:trapped_chest":1,"minecraft:dark_oak_log":2,"minecraft:quartz_bricks":7,"man:tearoftheman":3,"minecraft:dispenser":1,"minecraft:blue_terracotta":2,"minecraft:granite":2,"alexsmobs:tarantula_hawk_wing_fragment":1,"minecraft:bread":1,"alexsmobs:maggot":1,"born_in_chaos_v1:rotten_fish":8,"regions_unexplored:baobab_log":562,"minecraft:crafting_table":10,"minecraft:clay_ball":24,"minecraft:leather_leggings":2,"born_in_chaos_v1:seedof_chaos":1,"minecraft:red_bed":4,"minecraft:white_carpet":6,"minecraft:iron_shovel":1,"dungeonnowloading:spawner_fragment":15,"minecraft:cartography_table":2,"minecraft:beef":12,"born_in_chaos_v1:gnawed_bones":1,"minecraft:iron_nugget":40,"minecraft:poppy":4,"minecraft:chest":1,"minecraft:raw_copper_block":4,"minecraft:egg":1,"minecraft:sandstone":23,"born_in_chaos_v1:pieceofdarkmetal":9,"wom:golden_kit":1,"minecraft:carrot":2,"minecraft:redstone":131,"minecraft:tnt":12,"grimoireofgaia:bag_book":1,"minecraft:diamond_boots":1,"minecraft:hay_block":59,"minecraft:gold_ingot":1,"minecraft:polished_blackstone":1,"minecraft:mutton":8,"minecraft:white_wool":11,"minecraft:stripped_oak_log":2,"born_in_chaos_v1:monster_flesh":4,"regions_unexplored:eucalyptus_log":1,"minecraft:tripwire_hook":2,"alexsmobs:acacia_blossom":2,"minecraft:filled_map":1,"minecraft:oak_log":8,"minecraft:white_banner":3,"man:cassette_1safetyinstructions":1,"minecraft:stone_pickaxe":1,"minecraft:cobweb":5,"minecraft:glass_bottle":1,"minecraft:gray_bed":6,"minecraft:iron_sword":1,"born_in_chaos_v1:orbofthe_summoner":1,"born_in_chaos_v1:ethereal_spirit":6,"minecraft:gravel":61,"epicfight:uchigatana":4,"minecraft:spruce_log":1,"minecraft:oak_wood":8,"travelersbackpack:standard":10,"minecraft:gray_wool":3,"cataclysm:sandstone_poison_dart_trap":2,"minecraft:wheat":27,"minecraft:potion":5,"alexsmobs:gazelle_horn":1,"aether:diamond_gloves":1,"regions_unexplored:bamboo_sapling":2,"minecraft:bucket":1,"minecraft:iron_pickaxe":4,"cataclysm:khopesh":1,"minecraft:furnace":12,"minecraft:tipped_arrow":1,"minecraft:stick":111,"wom:golden_monocle":1,"minecraft:oak_fence":1,"minecraft:torch":25,"born_in_chaos_v1:phantom_powder":3,"cataclysm:chiseled_stone_brick_pillar":2,"epicfight:skillbook":6,"minecraft:porkchop":6,"minecraft:pointed_dripstone":1,"aether:golden_gloves":1,"born_in_chaos_v1:nightmare_claw":2,"regions_unexplored:daisy":1,"minecraft:goat_horn":1,"minecraft:rotten_flesh":72,"alexsmobs:emu_egg":3,"man:cassetteplayer":2,"minecraft:deepslate_brick_stairs":2,"minecraft:cobblestone":169,"minecraft:enchanting_table":2,"minecraft:leather_chestplate":1,"minecraft:andesite":7,"regions_unexplored:cherry_shrub":1,"minecraft:potato":1,"minecraft:tuff":32,"minecraft:smooth_sandstone_stairs":14,"minecraft:lapis_lazuli":30,"minecraft:dirt":17,"minecraft:cut_sandstone_slab":5,"born_in_chaos_v1:monster_skin":4,"minecraft:leather_boots":5,"minecraft:bone":40,"minecraft:bow":1,"minecraft:wheat_seeds":70,"minecraft:raw_gold":19,"regions_unexplored:baobab_sapling":35,"minecraft:grindstone":1,"minecraft:fletching_table":2,"minecraft:bamboo":169,"minecraft:oak_planks":13,"minecraft:cooked_porkchop":13,"minecraft:bamboo_raft":6,"minecraft:sand":24,"minecraft:chiseled_sandstone":6,"minecraft:mossy_cobblestone":6,"minecraft:sugar":4,"minecraft:diamond":13,"minecraft:bone_meal":5,"minecraft:golden_apple":1,"minecraft:emerald":3,"cataclysm:sandstone_ignite_trap":13,"minecraft:netherrack":5,"minecraft:chorus_fruit":1,"born_in_chaos_v1:diamond_termite_shard":2,"minecraft:chicken":2,"minecraft:brown_mushroom":5,"alexsmobs:roadrunner_feather":4,"minecraft:gold_block":14,"minecraft:brick":3,"minecraft:shield":1,"minecraft:iron_axe":1,"minecraft:blackstone":1,"minecraft:andesite_stairs":1,"minecraft:oak_boat":8,"minecraft:player_head":2,"minecraft:light_gray_wool":1,"minecraft:lectern":1,"minecraft:sugar_cane":4,"minecraft:raw_iron":88,"grimoireofgaia:meat":14,"minecraft:copper_ingot":1,"minecraft:bowl":2,"minecraft:note_block":1,"alexsmobs:leafcutter_ant_pupa":1,"minecraft:stone_pressure_plate":1,"minecraft:dark_oak_planks":10,"minecraft:arrow":176,"minecraft:nether_bricks":2,"minecraft:saddle":4,"born_in_chaos_v1:fused_bone":1,"born_in_chaos_v1:corpse_maggot":9,"minecraft:salmon":20,"minecraft:cut_sandstone":9,"minecraft:leather":15,"minecraft:yellow_bed":3,"minecraft:nether_wart_block":1,"minecraft:cobbled_deepslate_stairs":1,"minecraft:orange_terracotta":5,"minecraft:cooked_mutton":11,"minecraft:smooth_sandstone":54,"minecraft:iron_ingot":12,"artifacts:whoopee_cushion":1,"minecraft:book":21,"minecraft:oak_slab":21,"born_in_chaos_v1:death_totem":1,"minecraft:bamboo_planks":38,"minecraft:dandelion":2,"minecraft:raw_iron_block":8,"minecraft:dripstone_block":4,"born_in_chaos_v1:dark_rod":3,"minecraft:blast_furnace":2,"minecraft:white_bed":2,"minecraft:green_carpet":3,"minecraft:spider_eye":2,"alexsmobs:raw_catfish":3,"minecraft:dark_oak_wood":1,"minecraft:acacia_slab":1,"minecraft:black_wool":1,"minecraft:coal":97},"minecraft:crafted":{"man:cassetteplayer":1,"minecraft:diamond_shovel":1,"minecraft:cooked_mutton":2,"dungeonnowloading:wooden_wall_platform":6,"minecraft:glass":19,"minecraft:diamond_leggings":1,"minecraft:tipped_arrow":60,"alexsmobs:cooked_catfish":3,"minecraft:gray_bed":1,"minecraft:bamboo_raft":4,"minecraft:emerald":155,"minecraft:cooked_porkchop":9,"minecraft:diamond_axe":1,"travelersbackpack:standard":3,"minecraft:smithing_table":1,"minecraft:fletching_table":1,"minecraft:bamboo_planks":48,"minecraft:stone_slab":6,"minecraft:iron_pickaxe":2,"minecraft:iron_block":11,"minecraft:gold_ingot":19,"minecraft:netherite_ingot":2,"epicfight:diamond_greatsword":1,"travelersbackpack:white_sleeping_bag":1,"minecraft:stone_pickaxe":5,"minecraft:dark_oak_planks":12,"minecraft:wheat":531,"minecraft:crossbow":1,"regions_unexplored:eucalyptus_planks":4,"minecraft:white_bed":2,"minecraft:grindstone":1,"regions_unexplored:baobab_planks":2100,"minecraft:oak_planks":64,"minecraft:cooked_chicken":2,"minecraft:stone":8,"minecraft:bow":1,"minecraft:chest":4,"minecraft:oak_fence":3,"minecraft:oak_slab":12,"dungeonnowloading:spawner_frame":2,"minecraft:crafting_table":2,"minecraft:wooden_pickaxe":1,"minecraft:baked_potato":6,"minecraft:gold_block":15,"minecraft:chiseled_polished_blackstone":8,"minecraft:paper":3,"minecraft:emerald_block":14,"minecraft:stick":4297,"minecraft:iron_ingot":95,"minecraft:stone_sword":1,"minecraft:tripwire_hook":2,"minecraft:furnace":4,"minecraft:iron_axe":2,"redeco:polished_oak_planks":3,"minecraft:cooked_beef":12,"minecraft:diamond_sword":1,"travelersbackpack:backpack_tank":2,"minecraft:iron_sword":1,"minecraft:cooked_salmon":20,"minecraft:bucket":1,"minecraft:stone_axe":1,"minecraft:bread":190,"minecraft:air":0,"minecraft:anvil":1,"minecraft:acacia_planks":28,"minecraft:torch":232,"minecraft:trapped_chest":1},"minecraft:killed":{"minecraft:cave_spider":2,"born_in_chaos_v1:zombie_lumberjack":3,"born_in_chaos_v1:restless_spirit":5,"mythicmounts:dragon":1,"minecraft:skeleton":7,"minecraft:chicken":4,"born_in_chaos_v1:supreme_bonescaller_stage_2":1,"grimoireofgaia:flesh_lich":1,"man:managgresive":1,"minecraft:salmon":20,"minecraft:pillager":42,"minecraft:zombie":24,"grimoireofgaia:deathword":1,"born_in_chaos_v1:corpse_fly":5,"alexsmobs:roadrunner":1,"endofherobrine:pigman":1,"minecraft:cow":5,"minecraft:vindicator":3,"alexsmobs:seagull":1,"cataclysm:koboleton":6,"minecraft:husk":30,"born_in_chaos_v1:bone_imp_minion":2,"minecraft:wandering_trader":2,"minecraft:ravager":1,"born_in_chaos_v1:decrepit_skeleton":6,"alexsmobs:catfish":3,"grimoireofgaia:mummy":2,"alexsmobs:elephant":1,"born_in_chaos_v1:dark_vortex":3,"creeperoverhaul:savannah_creeper":1,"minecraft:enderman":2,"minecraft:witch":5,"minecraft:spider":6,"born_in_chaos_v1:scarlet_persecutor":2,"grimoireofgaia:orc":2,"grimoireofgaia:goblin":1,"grimoireofgaia:gravemite":6,"alexsmobs:triops":3,"minecraft:pig":9,"born_in_chaos_v1:diamond_termite":3,"grimoireofgaia:bone_knight":3,"minecraft:sheep":13,"minecraft:trader_llama":3,"born_in_chaos_v1:dread_hound":3,"alexsmobs:terrapin":1,"grimoireofgaia:harpy":6,"alexsmobs:fly":2,"endofherobrine:cow":2,"grimoireofgaia:satyress":5,"born_in_chaos_v1:zombie_bruiser":1,"grimoireofgaia:centaur":9,"born_in_chaos_v1:maggot":12,"alexsmobs:bison":2,"minecraft:drowned":2,"born_in_chaos_v1:corpse_fish":9,"mythicmounts:geckotoalizard":2,"born_in_chaos_v1:fallen_chaos_knight":2,"endofherobrine:villager":2,"alexsmobs:skunk":1,"born_in_chaos_v1:phantom_creeper_copy":2,"born_in_chaos_v1:decaying_zombie":2,"alexsmobs:cockroach":1,"alexsmobs:gazelle":2,"grimoireofgaia:arachne":1,"born_in_chaos_v1:nightmare_stalker":2,"minecraft:wither_skeleton":37,"minecraft:villager":1},"minecraft:broken":{"minecraft:iron_sword":1,"minecraft:stone_sword":1,"minecraft:iron_axe":2,"minecraft:iron_pickaxe":2,"minecraft:stone_pickaxe":6,"minecraft:stone_axe":1,"cataclysm:khopesh":1,"minecraft:golden_axe":1,"minecraft:golden_pickaxe":1},"minecraft:killed_by":{"grimoireofgaia:mummy":1,"alexsmobs:leafcutter_ant":1,"grimoireofgaia:minotaurus":3,"cataclysm:koboleton":4,"mythicmounts:dragon":15,"minecraft:husk":1,"alexsmobs:rocky_roller":2,"grimoireofgaia:flesh_lich":6,"grimoireofgaia:ant_salvager":1,"endofherobrine:villager":1,"mutantmonsters:mutant_skeleton":1,"alexsmobs:tarantula_hawk":1,"born_in_chaos_v1:dread_hound":1,"endofherobrine:cow":5,"minecraft:wither_skeleton":10,"grimoireofgaia:cecaelia":3,"creeperoverhaul:cave_creeper":3,"grimoireofgaia:bone_knight":1,"grimoireofgaia:gravemite":1,"minecraft:player":1,"grimoireofgaia:orc":2,"grimoireofgaia:centaur":1,"minecraft:spider":1,"minecraft:skeleton":4,"born_in_chaos_v1:corpse_fish":1}},"DataVersion":3465}