{"stats":{"minecraft:used":{"alexsmobs:emu_egg":3,"minecraft:moss_block":13,"minecraft:polished_blackstone":1,"minecraft:poppy":2,"minecraft:chest":1,"lootr:trophy":2,"minecraft:rotten_flesh":1,"minecraft:lava_bucket":8,"minecraft:bow":238,"minecraft:furnace":14,"minecraft:egg":1,"minecraft:potato":1,"dungeonnowloading:wooden_wall_platform":6,"minecraft:wooden_pickaxe":58,"minecraft:golden_apple":55,"minecraft:cut_sandstone_slab":1,"minecraft:blast_furnace":2,"regions_unexplored:cherry_shrub":1,"minecraft:chiseled_sandstone":2,"born_in_chaos_v1:monster_flesh":3,"minecraft:lectern":85,"minecraft:nether_wart_block":1,"minecraft:diamond_sword":76,"minecraft:smithing_table":1,"minecraft:oak_boat":8,"minecraft:stone_sword":130,"minecraft:cooked_salmon":20,"minecraft:netherrack":5,"minecraft:torch":265,"minecraft:anvil":1,"minecraft:chipped_anvil":2,"minecraft:iron_axe":495,"minecraft:diamond_chestplate":1,"minecraft:goat_horn":7,"minecraft:trapped_chest":1,"minecraft:acacia_planks":12,"minecraft:cobbled_deepslate":290,"minecraft:orange_terracotta":2,"minecraft:pointed_dripstone":1,"minecraft:golden_axe":32,"minecraft:wheat_seeds":64,"alexsmobs:cooked_catfish":2,"minecraft:water_bucket":36,"minecraft:lead":2,"minecraft:cartography_table":1,"minecraft:fletching_table":3,"minecraft:mossy_cobblestone":5,"minecraft:oak_slab":18,"minecraft:tnt":2,"minecraft:crafting_table":10,"minecraft:red_bed":4,"minecraft:white_bed":4,"minecraft:oak_log":2,"wom:diamond_crown":1,"minecraft:diamond_pickaxe":119,"minecraft:diamond_shovel":12,"minecraft:iron_pickaxe":604,"regions_unexplored:baobab_planks":6,"minecraft:suspicious_stew":4,"minecraft:cobblestone":52,"minecraft:potion":5,"travelersbackpack:standard":145,"minecraft:cooked_porkchop":13,"minecraft:andesite_stairs":1,"minecraft:diamond_leggings":1,"minecraft:blue_terracotta":2,"minecraft:iron_shovel":7,"minecraft:iron_sword":256,"regions_unexplored:salmonberry":13,"minecraft:smooth_sandstone_stairs":13,"minecraft:player_head":3,"minecraft:mutton":1,"artifacts:umbrella":43,"minecraft:nether_bricks":2,"minecraft:carrot":2,"minecraft:tuff":2,"minecraft:obsidian":2,"born_in_chaos_v1:gnawed_bones":1,"epicfight:diamond_greatsword":384,"minecraft:magma_block":1,"minecraft:gray_bed":7,"grimoireofgaia:meat":12,"minecraft:chiseled_polished_blackstone":8,"epicfight:skillbook":13,"minecraft:diamond_boots":2,"minecraft:stone_pickaxe":678,"minecraft:oak_planks":20,"minecraft:sandstone":8,"minecraft:diamond_axe":139,"cataclysm:chiseled_stone_brick_pillar":58,"minecraft:white_wool":1,"minecraft:crossbow":1,"minecraft:note_block":1,"man:cassetteplayer":3,"minecraft:firework_rocket":5,"minecraft:string":3,"minecraft:bread":160,"minecraft:brown_wool":1,"minecraft:gravel":56,"born_in_chaos_v1:rotten_fish":1,"minecraft:grindstone":1,"minecraft:andesite":1,"minecraft:bone_meal":4,"minecraft:golden_pickaxe":32,"minecraft:oak_fence":7,"the_bumblezone:sugar_water_bucket":1,"minecraft:spruce_planks":4,"cataclysm:sandstone_ignite_trap":4,"minecraft:cooked_chicken":2,"regions_unexplored:baobab_sapling":24,"minecraft:dirt":17,"minecraft:white_carpet":6,"minecraft:diamond_helmet":2,"farmersdelight:rope":12,"minecraft:dark_oak_planks":13,"minecraft:bamboo_raft":9,"minecraft:oak_stairs":5,"minecraft:acacia_slab":1,"minecraft:smooth_sandstone":52,"minecraft:cooked_beef":30,"minecraft:bamboo_planks":44,"minecraft:quartz_bricks":3,"minecraft:cooked_mutton":9,"minecraft:baked_potato":6,"cataclysm:khopesh":1,"minecraft:cut_sandstone":6,"minecraft:stonecutter":3,"minecraft:smoker":1,"minecraft:flower_pot":2,"minecraft:stone_slab":8,"minecraft:stone_axe":100,"minecraft:white_banner":7,"minecraft:bucket":50,"minecraft:yellow_bed":4,"alexsmobs:animal_dictionary":1},"minecraft:crafted":{"man:cassetteplayer":1,"minecraft:diamond_shovel":1,"minecraft:cooked_mutton":2,"dungeonnowloading:wooden_wall_platform":6,"minecraft:glass":19,"minecraft:diamond_leggings":1,"minecraft:tipped_arrow":60,"alexsmobs:cooked_catfish":3,"minecraft:gray_bed":1,"minecraft:bamboo_raft":4,"minecraft:emerald":263,"minecraft:cooked_porkchop":9,"minecraft:diamond_axe":1,"travelersbackpack:standard":3,"minecraft:smithing_table":1,"minecraft:fletching_table":1,"minecraft:bamboo_planks":48,"minecraft:stone_slab":6,"minecraft:iron_pickaxe":2,"minecraft:iron_block":17,"minecraft:gold_ingot":31,"minecraft:netherite_ingot":4,"epicfight:diamond_greatsword":1,"travelersbackpack:white_sleeping_bag":1,"minecraft:stone_pickaxe":5,"minecraft:dark_oak_planks":12,"minecraft:wheat":531,"minecraft:crossbow":1,"minecraft:enchanted_book":5,"regions_unexplored:eucalyptus_planks":4,"minecraft:white_bed":2,"minecraft:grindstone":1,"regions_unexplored:baobab_planks":2100,"minecraft:oak_planks":72,"minecraft:cooked_chicken":2,"minecraft:stone":8,"minecraft:bow":1,"minecraft:chest":4,"minecraft:oak_fence":6,"born_in_chaos_v1:pileof_dark_metal":1,"minecraft:oak_slab":12,"dungeonnowloading:spawner_frame":2,"minecraft:crafting_table":2,"minecraft:wooden_pickaxe":1,"minecraft:baked_potato":6,"minecraft:gold_block":17,"minecraft:chiseled_polished_blackstone":8,"minecraft:paper":3,"minecraft:emerald_block":14,"minecraft:stick":4297,"minecraft:iron_ingot":130,"minecraft:stone_sword":1,"minecraft:tripwire_hook":2,"minecraft:furnace":4,"minecraft:iron_axe":2,"redeco:polished_oak_planks":3,"minecraft:cooked_beef":12,"minecraft:diamond_sword":1,"travelersbackpack:backpack_tank":2,"minecraft:iron_sword":1,"minecraft:cooked_salmon":20,"minecraft:bucket":1,"minecraft:stone_axe":1,"minecraft:bread":190,"minecraft:air":0,"minecraft:anvil":1,"minecraft:acacia_planks":28,"minecraft:torch":232,"minecraft:trapped_chest":1},"minecraft:killed":{"minecraft:cave_spider":2,"born_in_chaos_v1:restless_spirit":5,"born_in_chaos_v1:zombie_lumberjack":3,"mythicmounts:dragon":1,"minecraft:skeleton":9,"minecraft:chicken":4,"born_in_chaos_v1:skeleton_thrasher":1,"born_in_chaos_v1:supreme_bonescaller_stage_2":1,"grimoireofgaia:flesh_lich":1,"man:managgresive":1,"minecraft:salmon":20,"minecraft:pillager":56,"minecraft:zombie":27,"grimoireofgaia:deathword":1,"born_in_chaos_v1:corpse_fly":9,"alexsmobs:roadrunner":1,"endofherobrine:pigman":1,"minecraft:cow":7,"minecraft:evoker":2,"minecraft:vindicator":15,"alexsmobs:seagull":1,"cataclysm:koboleton":6,"born_in_chaos_v1:barrel_zombie":2,"minecraft:husk":33,"born_in_chaos_v1:bone_imp_minion":2,"minecraft:wandering_trader":2,"minecraft:ravager":3,"born_in_chaos_v1:decrepit_skeleton":7,"alexsmobs:catfish":3,"grimoireofgaia:mummy":2,"alexsmobs:elephant":1,"born_in_chaos_v1:dark_vortex":3,"creeperoverhaul:savannah_creeper":1,"minecraft:enderman":2,"minecraft:witch":9,"minecraft:spider":6,"born_in_chaos_v1:scarlet_persecutor":2,"grimoireofgaia:orc":2,"grimoireofgaia:goblin":1,"grimoireofgaia:gravemite":6,"alexsmobs:triops":3,"minecraft:pig":9,"minecraft:zombie_villager":4,"born_in_chaos_v1:diamond_termite":3,"grimoireofgaia:bone_knight":3,"minecraft:sheep":13,"minecraft:trader_llama":3,"born_in_chaos_v1:zombie_fisherman":1,"born_in_chaos_v1:dread_hound":3,"alexsmobs:terrapin":1,"grimoireofgaia:harpy":9,"alexsmobs:fly":2,"endofherobrine:cow":2,"minecraft:vex":12,"born_in_chaos_v1:missioner":1,"grimoireofgaia:satyress":5,"grimoireofgaia:centaur":9,"born_in_chaos_v1:zombie_bruiser":2,"born_in_chaos_v1:maggot":12,"alexsmobs:bison":2,"minecraft:drowned":2,"born_in_chaos_v1:corpse_fish":9,"mythicmounts:geckotoalizard":2,"born_in_chaos_v1:fallen_chaos_knight":2,"endofherobrine:villager":2,"alexsmobs:skunk":1,"born_in_chaos_v1:swarmer":1,"born_in_chaos_v1:phantom_creeper_copy":2,"born_in_chaos_v1:decaying_zombie":2,"alexsmobs:cockroach":1,"alexsmobs:gazelle":2,"grimoireofgaia:arachne":1,"born_in_chaos_v1:nightmare_stalker":2,"minecraft:wither_skeleton":37,"minecraft:villager":1},"minecraft:killed_by":{"grimoireofgaia:mummy":1,"alexsmobs:leafcutter_ant":1,"minecraft:ravager":1,"grimoireofgaia:minotaurus":5,"cataclysm:koboleton":4,"mythicmounts:dragon":15,"minecraft:vex":3,"minecraft:husk":2,"alexsmobs:rocky_roller":2,"grimoireofgaia:flesh_lich":6,"grimoireofgaia:ant_salvager":1,"endofherobrine:villager":1,"mutantmonsters:mutant_skeleton":1,"alexsmobs:tarantula_hawk":1,"born_in_chaos_v1:dread_hound":1,"endofherobrine:cow":5,"minecraft:wither_skeleton":10,"grimoireofgaia:cecaelia":3,"creeperoverhaul:cave_creeper":3,"grimoireofgaia:bone_knight":1,"grimoireofgaia:gravemite":1,"minecraft:player":1,"grimoireofgaia:orc":2,"grimoireofgaia:centaur":1,"minecraft:spider":1,"minecraft:skeleton":4,"born_in_chaos_v1:corpse_fish":1},"minecraft:custom":{"minecraft:interact_with_crafting_table":77,"minecraft:open_barrel":4,"minecraft:bell_ring":1,"minecraft:leave_game":32,"minecraft:time_since_death":27661,"minecraft:damage_blocked_by_shield":2605,"minecraft:play_time":1267499,"minecraft:deaths":82,"minecraft:jump":11317,"minecraft:interact_with_furnace":117,"minecraft:traded_with_villager":165,"minecraft:interact_with_cartography_table":3,"minecraft:sleep_in_bed":50,"minecraft:waystone_activated":3,"minecraft:damage_dealt":72066,"minecraft:interact_with_smoker":8,"minecraft:horse_one_cm":13142379,"minecraft:interact_with_smithing_table":13,"minecraft:interact_with_anvil":44,"minecraft:damage_dealt_absorbed":1514,"minecraft:sneak_time":21902,"minecraft:interact_with_blast_furnace":13,"minecraft:total_world_time":1267499,"minecraft:tune_noteblock":11,"minecraft:interact_with_stonecutter":2,"minecraft:time_since_rest":7685,"minecraft:swim_one_cm":452199,"minecraft:fly_one_cm":4478883,"minecraft:open_chest":46,"minecraft:fall_one_cm":254370,"lootr:looted_stat":103,"minecraft:sprint_one_cm":2771107,"minecraft:drop":316,"minecraft:play_noteblock":3,"minecraft:talked_to_villager":201,"minecraft:walk_on_water_one_cm":384419,"minecraft:player_kills":3,"minecraft:crouch_one_cm":57845,"minecraft:mob_kills":461,"minecraft:damage_dealt_resisted":1107,"minecraft:climb_one_cm":7397,"minecraft:walk_one_cm":4691525,"minecraft:raid_win":1,"minecraft:walk_under_water_one_cm":233558,"minecraft:boat_one_cm":217769,"minecraft:raid_trigger":1,"minecraft:interact_with_grindstone":7,"minecraft:damage_taken":41592,"minecraft:damage_absorbed":1178,"minecraft:trigger_trapped_chest":2,"minecraft:aviate_one_cm":198361},"minecraft:mined":{"minecraft:dark_oak_planks":9,"minecraft:cut_sandstone_slab":7,"minecraft:white_bed":2,"alexsmobs:leafcutter_anthill":1,"minecraft:jungle_leaves":17,"minecraft:red_nether_bricks":1,"man:cassetteplayer":2,"minecraft:granite":2,"minecraft:acacia_log":5,"minecraft:spawner":2,"minecraft:tall_seagrass":1,"minecraft:cobbled_deepslate":29,"minecraft:fire":43,"minecraft:fletching_table":2,"minecraft:deepslate_lapis_ore":5,"minecraft:enchanting_table":2,"minecraft:oak_stairs":1,"minecraft:deepslate_brick_stairs":2,"minecraft:green_carpet":4,"minecraft:smooth_sandstone_stairs":19,"minecraft:tripwire":4,"minecraft:cut_sandstone":8,"minecraft:brown_mushroom":4,"minecraft:red_bed":2,"minecraft:smoker":3,"born_in_chaos_v1:infected_deepslate_diamond_ore":2,"minecraft:torch":4,"minecraft:blast_furnace":4,"minecraft:nether_brick_slab":1,"minecraft:sugar_cane":2,"regions_unexplored:hyssop":1,"minecraft:bamboo_planks":39,"minecraft:wheat":22,"minecraft:grass":20,"regions_unexplored:eucalyptus_log":1,"minecraft:sandstone_wall":1,"minecraft:stonecutter":3,"minecraft:deepslate":648,"minecraft:mossy_cobblestone":8,"minecraft:nether_bricks":2,"minecraft:moss_block":17,"minecraft:cartography_table":2,"minecraft:redstone_ore":7,"minecraft:andesite":7,"minecraft:bamboo":12,"minecraft:bone_block":6,"regions_unexplored:windswept_grass":3,"minecraft:smithing_table":1,"minecraft:oak_slab":12,"minecraft:smooth_sandstone":63,"regions_unexplored:silt_dirt":2,"minecraft:tall_grass":24,"minecraft:copper_ore":1,"minecraft:deepslate_gold_ore":15,"minecraft:diorite":1,"minecraft:trapped_chest":1,"minecraft:white_carpet":1,"regions_unexplored:sandy_grass":3,"cataclysm:sandstone_falling_trap":1,"minecraft:gravel":61,"minecraft:cobweb":2,"regions_unexplored:baobab_leaves":9,"minecraft:chipped_anvil":2,"minecraft:gold_ore":4,"minecraft:fern":3,"minecraft:stone_pressure_plate":1,"minecraft:spruce_planks":4,"minecraft:cobbled_deepslate_stairs":1,"regions_unexplored:baobab_planks":5,"minecraft:cave_vines_plant":1,"cataclysm:sandstone_ignite_trap":37,"minecraft:grass_block":5,"cataclysm:sandstone_poison_dart_trap":1,"minecraft:raw_iron_block":8,"minecraft:iron_ore":49,"minecraft:anvil":1,"minecraft:pointed_dripstone":1,"minecraft:deepslate_redstone_ore":20,"minecraft:orange_terracotta":2,"minecraft:clay":6,"minecraft:chest":1,"minecraft:cobblestone":15,"minecraft:grindstone":1,"minecraft:oak_planks":15,"regions_unexplored:bamboo_log":23,"minecraft:wall_torch":15,"minecraft:seagrass":1,"lootr:trophy":1,"minecraft:nether_wart_block":1,"regions_unexplored:sandy_tall_grass":1,"minecraft:tnt":11,"regions_unexplored:steppe_grass":1,"minecraft:oak_log":10,"dungeonnowloading:wooden_wall_platform":1,"minecraft:sand":31,"minecraft:dirt":2,"minecraft:tripwire_hook":2,"minecraft:raw_copper_block":4,"minecraft:netherrack":17,"minecraft:oak_leaves":20,"minecraft:tuff":42,"minecraft:deepslate_diamond_ore":13,"minecraft:decorated_pot":2,"cataclysm:chiseled_stone_brick_pillar":4,"minecraft:polished_andesite_slab":2,"minecraft:acacia_slab":1,"minecraft:sandstone":19,"minecraft:hay_block":60,"regions_unexplored:baobab_log":504,"minecraft:furnace":12,"minecraft:chiseled_sandstone":1,"minecraft:gold_block":13,"minecraft:bookshelf":6,"minecraft:deepslate_iron_ore":36,"regions_unexplored:medium_grass":9,"minecraft:stone":131,"minecraft:acacia_leaves":1,"travelersbackpack:standard":12,"minecraft:oak_fence":3,"minecraft:crafting_table":6,"minecraft:oak_wood":8,"minecraft:lectern":86,"minecraft:stone_slab":4,"regions_unexplored:daisy":1,"minecraft:gray_wool":3,"minecraft:gray_bed":5,"minecraft:yellow_bed":1,"minecraft:coal_ore":130,"minecraft:terracotta":6},"minecraft:broken":{"minecraft:iron_sword":1,"minecraft:stone_sword":1,"minecraft:iron_axe":2,"minecraft:iron_pickaxe":2,"minecraft:stone_pickaxe":6,"minecraft:stone_axe":1,"cataclysm:khopesh":1,"minecraft:golden_axe":1,"minecraft:golden_pickaxe":1},"minecraft:dropped":{"minecraft:iron_sword":1,"minecraft:chorus_fruit":1,"minecraft:glass_bottle":5,"minecraft:crafting_table":2,"minecraft:cooked_porkchop":3,"minecraft:crossbow":1,"minecraft:saddle":3,"born_in_chaos_v1:nightmare_claw":2,"minecraft:cut_sandstone_slab":2,"minecraft:emerald":2,"minecraft:gold_block":1,"born_in_chaos_v1:monster_flesh":1,"artifacts:thorn_pendant":1,"alexsmobs:roadrunner_feather":3,"born_in_chaos_v1:phantom_powder":3,"artifacts:charm_of_sinking":1,"minecraft:gold_nugget":1,"minecraft:bone_meal":1,"minecraft:iron_pickaxe":2,"minecraft:sugar":4,"minecraft:dark_oak_planks":1,"minecraft:white_wool":1,"minecraft:bone":18,"minecraft:goat_horn":2,"minecraft:iron_nugget":29,"alexsmobs:gazelle_horn":1,"minecraft:cobbled_deepslate":78,"alexsmobs:animal_dictionary":1,"cataclysm:chiseled_stone_brick_pillar":1,"aether:golden_gloves":2,"minecraft:wheat":7,"minecraft:rotten_flesh":61,"minecraft:oak_planks":2,"minecraft:quartz_bricks":2,"regions_unexplored:baobab_sapling":5,"minecraft:leather_boots":1,"farmersdelight:rope":12,"grimoireofgaia:meat":2,"minecraft:enchanted_book":1,"born_in_chaos_v1:shattered_skull":2,"minecraft:wheat_seeds":6,"minecraft:tnt":1,"minecraft:feather":8,"minecraft:cobblestone":27,"artifacts:whoopee_cushion":1,"minecraft:granite":2,"minecraft:golden_apple":1,"regions_unexplored:daisy":1,"minecraft:potion":1,"minecraft:white_banner":1,"minecraft:iron_shovel":2,"minecraft:string":20,"minecraft:furnace":1,"alexsmobs:acacia_blossom":2,"regions_unexplored:bamboo_log":10,"minecraft:bowl":2,"born_in_chaos_v1:rotten_fish":6,"minecraft:clay_ball":24,"minecraft:stone_slab":1,"minecraft:hay_block":1,"minecraft:spider_eye":2,"minecraft:bamboo":26,"minecraft:sandstone":15,"epicfight:skillbook":9,"minecraft:black_wool":1,"minecraft:moss_block":4,"minecraft:brown_mushroom":5,"minecraft:iron_horse_armor":1,"travelersbackpack:standard":1,"alexsmobs:bison_fur":2,"farmersdelight:rice":2,"minecraft:flint":7,"minecraft:dispenser":1,"wom:golden_kit":2,"minecraft:mutton":3,"minecraft:cut_sandstone":1,"alexsmobs:cooked_catfish":1,"minecraft:tube_coral":1,"minecraft:gravel":5,"regions_unexplored:salmonberry":8,"born_in_chaos_v1:ethereal_spirit":6,"minecraft:poppy":2,"born_in_chaos_v1:corpse_maggot":5,"minecraft:arrow":2,"born_in_chaos_v1:dark_rod":1,"minecraft:bread":3,"minecraft:oak_slab":6,"minecraft:mossy_cobblestone":1,"wom:golden_mokassin":1,"minecraft:copper_ingot":1,"wom:golden_chrono":1,"minecraft:iron_block":10,"minecraft:deepslate_brick_stairs":2,"the_bumblezone:sugar_water_bucket":1,"minecraft:map":1,"minecraft:green_carpet":3,"minecraft:iron_axe":1,"minecraft:tripwire_hook":1,"minecraft:bucket":4,"minecraft:dandelion":2,"minecraft:chiseled_sandstone":1,"minecraft:redstone":131,"alexsmobs:maggot":1,"epicfight:uchigatana":7,"grimoireofgaia:bag_book":1,"minecraft:raw_copper":2,"minecraft:tuff":5,"minecraft:light_gray_wool":1,"regions_unexplored:baobab_planks":5,"dungeonnowloading:spawner_fragment":7,"regions_unexplored:bamboo_sapling":2,"minecraft:filled_map":3,"man:tearoftheman":1,"aether:iron_gloves":2,"aether:diamond_gloves":1,"minecraft:iron_chestplate":3,"minecraft:oak_sapling":1,"minecraft:diamond_boots":1,"minecraft:wooden_pickaxe":1,"wom:diamond_crown":1,"minecraft:brick":3},"minecraft:picked_up":{"minecraft:iron_chestplate":1,"minecraft:flower_pot":2,"minecraft:anvil":1,"minecraft:diamond_sword":1,"minecraft:lead":16,"minecraft:smithing_table":1,"minecraft:stone_slab":4,"regions_unexplored:silt_dirt":12,"minecraft:oak_stairs":5,"minecraft:enchanted_book":1,"minecraft:string":32,"minecraft:red_nether_bricks":2,"minecraft:diamond_leggings":1,"minecraft:gold_nugget":1,"minecraft:cobbled_deepslate":437,"bosses_of_mass_destruction:soul_star":2,"minecraft:spruce_planks":4,"minecraft:mangrove_log":2,"born_in_chaos_v1:shattered_skull":2,"epicfight:diamond_greatsword":1,"minecraft:acacia_log":7,"minecraft:vex_armor_trim_smithing_template":2,"minecraft:iron_block":10,"farmersdelight:rope":12,"minecraft:birch_log":2,"minecraft:magma_block":1,"minecraft:cooked_beef":34,"minecraft:feather":8,"minecraft:water_bucket":1,"minecraft:brown_wool":1,"minecraft:smoker":5,"alexsmobs:bison_fur":2,"minecraft:flint":5,"lootr:trophy":1,"cataclysm:koboleton_bone":8,"minecraft:chipped_anvil":3,"minecraft:stonecutter":3,"minecraft:diamond_helmet":1,"minecraft:moss_block":17,"regions_unexplored:bamboo_log":34,"regions_unexplored:salmonberry":19,"regions_unexplored:baobab_planks":35,"minecraft:trapped_chest":1,"minecraft:dark_oak_log":2,"minecraft:quartz_bricks":7,"man:tearoftheman":3,"minecraft:dispenser":1,"minecraft:blue_terracotta":2,"minecraft:granite":2,"alexsmobs:tarantula_hawk_wing_fragment":1,"minecraft:bread":1,"alexsmobs:maggot":1,"born_in_chaos_v1:rotten_fish":8,"regions_unexplored:baobab_log":562,"minecraft:diamond_pickaxe":1,"minecraft:crafting_table":10,"minecraft:clay_ball":24,"minecraft:leather_leggings":2,"born_in_chaos_v1:seedof_chaos":1,"minecraft:red_bed":4,"minecraft:white_carpet":6,"minecraft:iron_shovel":1,"dungeonnowloading:spawner_fragment":15,"minecraft:cartography_table":2,"minecraft:beef":12,"born_in_chaos_v1:gnawed_bones":1,"minecraft:iron_nugget":42,"minecraft:poppy":4,"minecraft:chest":1,"minecraft:raw_copper_block":4,"minecraft:egg":1,"minecraft:sandstone":23,"born_in_chaos_v1:pieceofdarkmetal":9,"wom:golden_kit":1,"minecraft:carrot":2,"minecraft:redstone":132,"minecraft:tnt":12,"minecraft:diamond_chestplate":1,"grimoireofgaia:bag_book":2,"minecraft:diamond_boots":2,"minecraft:hay_block":60,"minecraft:gold_ingot":8,"minecraft:polished_blackstone":1,"minecraft:mutton":8,"minecraft:white_wool":11,"minecraft:stripped_oak_log":2,"born_in_chaos_v1:monster_flesh":4,"regions_unexplored:eucalyptus_log":1,"minecraft:tripwire_hook":2,"alexsmobs:acacia_blossom":2,"minecraft:filled_map":1,"minecraft:oak_log":11,"minecraft:white_banner":8,"man:cassette_1safetyinstructions":1,"minecraft:stone_pickaxe":1,"minecraft:cobweb":5,"minecraft:glass_bottle":1,"minecraft:gray_bed":6,"minecraft:iron_sword":1,"born_in_chaos_v1:orbofthe_summoner":1,"born_in_chaos_v1:ethereal_spirit":6,"minecraft:gravel":61,"epicfight:uchigatana":4,"minecraft:spruce_log":1,"minecraft:oak_wood":8,"travelersbackpack:standard":16,"minecraft:diamond_shovel":1,"minecraft:diamond_axe":1,"minecraft:gray_wool":3,"cataclysm:sandstone_poison_dart_trap":2,"minecraft:wheat":27,"artifacts:umbrella":2,"minecraft:potion":6,"alexsmobs:gazelle_horn":1,"minecraft:raw_copper":2,"aether:diamond_gloves":1,"regions_unexplored:bamboo_sapling":2,"minecraft:bucket":5,"minecraft:iron_pickaxe":5,"cataclysm:khopesh":1,"minecraft:furnace":13,"minecraft:tipped_arrow":1,"minecraft:stick":111,"wom:golden_monocle":1,"minecraft:torch":26,"minecraft:oak_fence":4,"born_in_chaos_v1:phantom_powder":3,"cataclysm:chiseled_stone_brick_pillar":2,"epicfight:skillbook":9,"minecraft:porkchop":6,"minecraft:pointed_dripstone":1,"aether:golden_gloves":1,"born_in_chaos_v1:nightmare_claw":2,"regions_unexplored:daisy":1,"minecraft:goat_horn":1,"minecraft:rotten_flesh":84,"alexsmobs:emu_egg":3,"man:cassetteplayer":2,"minecraft:deepslate_brick_stairs":2,"minecraft:cobblestone":174,"minecraft:enchanting_table":2,"minecraft:leather_chestplate":1,"minecraft:andesite":7,"regions_unexplored:cherry_shrub":1,"minecraft:potato":1,"minecraft:tuff":32,"minecraft:smooth_sandstone_stairs":14,"minecraft:lapis_lazuli":30,"minecraft:dirt":17,"minecraft:cut_sandstone_slab":5,"minecraft:name_tag":1,"born_in_chaos_v1:monster_skin":4,"minecraft:leather_boots":6,"minecraft:bone":67,"minecraft:bow":2,"minecraft:wheat_seeds":70,"minecraft:raw_gold":19,"regions_unexplored:baobab_sapling":35,"minecraft:grindstone":1,"minecraft:fletching_table":2,"minecraft:bamboo":169,"minecraft:oak_planks":48,"minecraft:cooked_porkchop":13,"minecraft:bamboo_raft":7,"minecraft:sand":24,"minecraft:chiseled_sandstone":6,"minecraft:mossy_cobblestone":6,"minecraft:sugar":4,"minecraft:diamond":13,"minecraft:bone_meal":5,"minecraft:golden_apple":31,"minecraft:emerald":39,"cataclysm:sandstone_ignite_trap":13,"minecraft:oak_sapling":1,"minecraft:netherrack":5,"minecraft:chorus_fruit":1,"born_in_chaos_v1:diamond_termite_shard":2,"minecraft:chicken":2,"minecraft:brown_mushroom":5,"alexsmobs:roadrunner_feather":4,"minecraft:gold_block":14,"minecraft:brick":3,"minecraft:shield":1,"minecraft:iron_axe":1,"minecraft:blackstone":1,"minecraft:andesite_stairs":1,"minecraft:oak_boat":8,"minecraft:player_head":2,"minecraft:light_gray_wool":1,"minecraft:lectern":86,"minecraft:sugar_cane":4,"minecraft:raw_iron":88,"grimoireofgaia:meat":14,"minecraft:copper_ingot":1,"minecraft:bowl":2,"minecraft:note_block":1,"alexsmobs:leafcutter_ant_pupa":1,"minecraft:stone_pressure_plate":1,"minecraft:dark_oak_planks":10,"minecraft:arrow":181,"minecraft:tube_coral":1,"minecraft:nether_bricks":2,"minecraft:saddle":5,"born_in_chaos_v1:fused_bone":1,"born_in_chaos_v1:corpse_maggot":9,"minecraft:salmon":20,"minecraft:cut_sandstone":9,"minecraft:leather":15,"minecraft:yellow_bed":4,"minecraft:nether_wart_block":1,"minecraft:cobbled_deepslate_stairs":1,"minecraft:orange_terracotta":5,"minecraft:cooked_mutton":11,"minecraft:smooth_sandstone":54,"minecraft:iron_ingot":49,"artifacts:whoopee_cushion":2,"minecraft:book":66,"minecraft:oak_slab":21,"born_in_chaos_v1:death_totem":1,"minecraft:bamboo_planks":38,"minecraft:dandelion":2,"minecraft:raw_iron_block":8,"minecraft:dripstone_block":4,"born_in_chaos_v1:dark_rod":7,"minecraft:blast_furnace":6,"minecraft:white_bed":2,"minecraft:green_carpet":3,"minecraft:spider_eye":2,"alexsmobs:raw_catfish":3,"minecraft:dark_oak_wood":1,"minecraft:acacia_slab":1,"minecraft:black_wool":1,"minecraft:coal":190}},"DataVersion":3465}