{"stats":{"minecraft:killed":{"minecraft:cave_spider":2,"minecraft:witch":5,"born_in_chaos_v1:restless_spirit":1,"born_in_chaos_v1:zombie_lumberjack":2,"mythicmounts:dragon":1,"minecraft:spider":5,"grimoireofgaia:orc":1,"grimoireofgaia:goblin":1,"minecraft:skeleton":6,"minecraft:chicken":4,"born_in_chaos_v1:supreme_bonescaller_stage_2":1,"grimoireofgaia:gravemite":6,"alexsmobs:triops":3,"grimoireofgaia:flesh_lich":1,"minecraft:pig":9,"born_in_chaos_v1:diamond_termite":3,"man:managgresive":1,"grimoireofgaia:bone_knight":3,"minecraft:salmon":20,"minecraft:sheep":13,"minecraft:trader_llama":3,"minecraft:pillager":12,"minecraft:zombie":20,"born_in_chaos_v1:dread_hound":3,"grimoireofgaia:deathword":1,"born_in_chaos_v1:corpse_fly":5,"grimoireofgaia:harpy":4,"alexsmobs:roadrunner":1,"alexsmobs:fly":2,"endofherobrine:cow":2,"endofherobrine:pigman":1,"minecraft:cow":5,"grimoireofgaia:satyress":5,"minecraft:vindicator":3,"grimoireofgaia:centaur":9,"born_in_chaos_v1:maggot":12,"alexsmobs:bison":2,"minecraft:drowned":2,"born_in_chaos_v1:corpse_fish":8,"mythicmounts:geckotoalizard":2,"cataclysm:koboleton":6,"born_in_chaos_v1:fallen_chaos_knight":1,"minecraft:husk":29,"born_in_chaos_v1:bone_imp_minion":2,"endofherobrine:villager":2,"minecraft:wandering_trader":2,"minecraft:ravager":1,"born_in_chaos_v1:decrepit_skeleton":5,"alexsmobs:catfish":3,"grimoireofgaia:mummy":2,"born_in_chaos_v1:decaying_zombie":2,"alexsmobs:cockroach":1,"alexsmobs:elephant":1,"alexsmobs:gazelle":2,"born_in_chaos_v1:dark_vortex":3,"grimoireofgaia:arachne":1,"born_in_chaos_v1:nightmare_stalker":1,"minecraft:wither_skeleton":37,"creeperoverhaul:savannah_creeper":1,"minecraft:villager":1,"minecraft:enderman":2},"minecraft:picked_up":{"minecraft:iron_chestplate":1,"minecraft:wheat":27,"minecraft:flower_pot":2,"minecraft:lead":4,"minecraft:smithing_table":1,"minecraft:stone_slab":4,"regions_unexplored:silt_dirt":12,"minecraft:oak_stairs":4,"minecraft:potion":4,"alexsmobs:gazelle_horn":1,"minecraft:string":24,"aether:diamond_gloves":1,"minecraft:red_nether_bricks":2,"regions_unexplored:bamboo_sapling":2,"minecraft:gold_nugget":1,"minecraft:cobbled_deepslate":437,"minecraft:iron_pickaxe":4,"cataclysm:khopesh":1,"minecraft:furnace":12,"minecraft:tipped_arrow":1,"minecraft:stick":111,"wom:golden_monocle":1,"born_in_chaos_v1:shattered_skull":2,"cataclysm:chiseled_stone_brick_pillar":2,"minecraft:torch":25,"minecraft:acacia_log":5,"epicfight:skillbook":6,"minecraft:porkchop":6,"minecraft:pointed_dripstone":1,"born_in_chaos_v1:nightmare_claw":2,"aether:golden_gloves":1,"regions_unexplored:daisy":1,"minecraft:rotten_flesh":64,"minecraft:iron_block":10,"farmersdelight:rope":12,"alexsmobs:emu_egg":3,"minecraft:cobblestone":169,"minecraft:enchanting_table":1,"minecraft:magma_block":1,"minecraft:leather_chestplate":1,"minecraft:feather":6,"minecraft:cooked_beef":13,"minecraft:andesite":7,"regions_unexplored:cherry_shrub":1,"minecraft:brown_wool":1,"minecraft:smoker":1,"minecraft:potato":1,"alexsmobs:bison_fur":2,"minecraft:flint":5,"minecraft:tuff":32,"minecraft:smooth_sandstone_stairs":14,"minecraft:lapis_lazuli":30,"minecraft:dirt":17,"minecraft:cut_sandstone_slab":5,"born_in_chaos_v1:monster_skin":4,"cataclysm:koboleton_bone":8,"minecraft:leather_boots":5,"minecraft:bone":37,"minecraft:chipped_anvil":1,"minecraft:bow":1,"minecraft:wheat_seeds":70,"minecraft:raw_gold":19,"regions_unexplored:baobab_sapling":35,"minecraft:grindstone":1,"minecraft:fletching_table":2,"minecraft:bamboo":169,"minecraft:moss_block":17,"minecraft:oak_planks":11,"regions_unexplored:bamboo_log":24,"minecraft:cooked_porkchop":13,"regions_unexplored:baobab_planks":30,"minecraft:sand":20,"minecraft:bamboo_raft":6,"minecraft:chiseled_sandstone":6,"minecraft:dark_oak_log":2,"minecraft:trapped_chest":1,"minecraft:mossy_cobblestone":6,"man:tearoftheman":3,"minecraft:quartz_bricks":7,"minecraft:dispenser":1,"minecraft:blue_terracotta":2,"minecraft:sugar":4,"minecraft:diamond":13,"minecraft:granite":2,"alexsmobs:tarantula_hawk_wing_fragment":1,"minecraft:bone_meal":4,"minecraft:golden_apple":1,"minecraft:bread":1,"minecraft:emerald":3,"alexsmobs:maggot":1,"cataclysm:sandstone_ignite_trap":13,"born_in_chaos_v1:rotten_fish":8,"minecraft:chorus_fruit":1,"minecraft:netherrack":5,"regions_unexplored:baobab_log":562,"minecraft:crafting_table":9,"born_in_chaos_v1:diamond_termite_shard":2,"minecraft:chicken":2,"minecraft:clay_ball":24,"minecraft:leather_leggings":2,"minecraft:brown_mushroom":5,"alexsmobs:roadrunner_feather":4,"minecraft:gold_block":14,"minecraft:shield":1,"minecraft:brick":3,"minecraft:red_bed":4,"minecraft:iron_axe":1,"minecraft:white_carpet":6,"minecraft:iron_shovel":1,"dungeonnowloading:spawner_fragment":15,"minecraft:blackstone":1,"minecraft:cartography_table":2,"minecraft:beef":12,"minecraft:andesite_stairs":1,"minecraft:oak_boat":8,"born_in_chaos_v1:gnawed_bones":1,"minecraft:player_head":2,"minecraft:iron_nugget":38,"minecraft:poppy":2,"minecraft:light_gray_wool":1,"minecraft:lectern":1,"minecraft:sugar_cane":4,"minecraft:chest":1,"minecraft:raw_copper_block":4,"minecraft:egg":1,"minecraft:raw_iron":82,"minecraft:sandstone":23,"grimoireofgaia:meat":14,"minecraft:copper_ingot":1,"minecraft:bowl":2,"minecraft:note_block":1,"wom:golden_kit":1,"born_in_chaos_v1:pieceofdarkmetal":4,"minecraft:carrot":2,"minecraft:redstone":131,"alexsmobs:leafcutter_ant_pupa":1,"minecraft:stone_pressure_plate":1,"minecraft:dark_oak_planks":10,"minecraft:tnt":12,"minecraft:arrow":173,"grimoireofgaia:bag_book":1,"minecraft:nether_bricks":2,"minecraft:diamond_boots":1,"minecraft:hay_block":59,"minecraft:saddle":4,"minecraft:gold_ingot":1,"minecraft:polished_blackstone":1,"minecraft:mutton":8,"minecraft:white_wool":11,"born_in_chaos_v1:fused_bone":1,"born_in_chaos_v1:corpse_maggot":9,"born_in_chaos_v1:monster_flesh":4,"minecraft:salmon":20,"regions_unexplored:eucalyptus_log":1,"minecraft:tripwire_hook":2,"minecraft:leather":15,"minecraft:cut_sandstone":9,"alexsmobs:acacia_blossom":2,"minecraft:filled_map":1,"minecraft:oak_log":6,"minecraft:nether_wart_block":1,"minecraft:yellow_bed":3,"minecraft:white_banner":3,"minecraft:orange_terracotta":5,"minecraft:cooked_mutton":11,"minecraft:smooth_sandstone":54,"minecraft:iron_ingot":11,"artifacts:whoopee_cushion":1,"minecraft:stone_pickaxe":1,"minecraft:cobweb":5,"minecraft:glass_bottle":1,"minecraft:gray_bed":6,"minecraft:iron_sword":1,"minecraft:book":3,"minecraft:oak_slab":21,"born_in_chaos_v1:death_totem":1,"minecraft:bamboo_planks":38,"born_in_chaos_v1:orbofthe_summoner":1,"born_in_chaos_v1:ethereal_spirit":4,"minecraft:dandelion":2,"minecraft:raw_iron_block":8,"minecraft:dripstone_block":4,"minecraft:gravel":61,"born_in_chaos_v1:dark_rod":3,"epicfight:uchigatana":4,"minecraft:spruce_log":1,"minecraft:green_carpet":3,"minecraft:spider_eye":2,"travelersbackpack:standard":6,"minecraft:oak_wood":8,"alexsmobs:raw_catfish":3,"minecraft:gray_wool":3,"minecraft:acacia_slab":1,"cataclysm:sandstone_poison_dart_trap":2,"minecraft:black_wool":1,"minecraft:dark_oak_wood":1,"minecraft:coal":97},"minecraft:mined":{"minecraft:dark_oak_planks":9,"minecraft:cut_sandstone_slab":7,"minecraft:stone_pressure_plate":1,"alexsmobs:leafcutter_anthill":1,"minecraft:red_nether_bricks":1,"minecraft:cave_vines_plant":1,"cataclysm:sandstone_ignite_trap":37,"minecraft:granite":2,"minecraft:acacia_log":5,"minecraft:grass_block":4,"minecraft:spawner":2,"cataclysm:sandstone_poison_dart_trap":1,"minecraft:tall_seagrass":1,"minecraft:raw_iron_block":8,"minecraft:iron_ore":49,"minecraft:fire":43,"minecraft:cobbled_deepslate":29,"minecraft:deepslate_lapis_ore":5,"minecraft:fletching_table":2,"minecraft:enchanting_table":1,"minecraft:pointed_dripstone":1,"minecraft:green_carpet":4,"minecraft:smooth_sandstone_stairs":19,"minecraft:tripwire":4,"minecraft:deepslate_redstone_ore":20,"minecraft:cut_sandstone":8,"minecraft:brown_mushroom":4,"minecraft:red_bed":2,"minecraft:smoker":1,"minecraft:orange_terracotta":2,"minecraft:clay":6,"minecraft:torch":4,"born_in_chaos_v1:infected_deepslate_diamond_ore":2,"minecraft:chest":1,"minecraft:nether_brick_slab":1,"minecraft:cobblestone":13,"minecraft:oak_planks":2,"minecraft:grindstone":1,"minecraft:sugar_cane":2,"regions_unexplored:bamboo_log":23,"minecraft:wall_torch":15,"minecraft:seagrass":1,"regions_unexplored:hyssop":1,"minecraft:bamboo_planks":39,"minecraft:nether_wart_block":1,"minecraft:wheat":22,"minecraft:tnt":11,"regions_unexplored:steppe_grass":1,"minecraft:grass":17,"minecraft:oak_log":4,"regions_unexplored:eucalyptus_log":1,"dungeonnowloading:wooden_wall_platform":1,"minecraft:sand":20,"minecraft:dirt":2,"minecraft:sandstone_wall":1,"minecraft:tripwire_hook":2,"minecraft:raw_copper_block":4,"minecraft:netherrack":17,"minecraft:oak_leaves":16,"minecraft:deepslate":648,"minecraft:tuff":42,"minecraft:mossy_cobblestone":8,"minecraft:deepslate_diamond_ore":13,"minecraft:nether_bricks":2,"minecraft:decorated_pot":2,"cataclysm:chiseled_stone_brick_pillar":4,"minecraft:polished_andesite_slab":2,"minecraft:acacia_slab":1,"minecraft:moss_block":17,"minecraft:cartography_table":2,"minecraft:sandstone":19,"minecraft:hay_block":59,"regions_unexplored:baobab_log":504,"minecraft:redstone_ore":7,"minecraft:furnace":12,"minecraft:chiseled_sandstone":1,"minecraft:andesite":7,"minecraft:gold_block":13,"minecraft:deepslate_iron_ore":36,"regions_unexplored:medium_grass":8,"minecraft:bamboo":12,"minecraft:stone":129,"regions_unexplored:windswept_grass":3,"minecraft:smithing_table":1,"minecraft:oak_slab":12,"minecraft:acacia_leaves":1,"travelersbackpack:standard":4,"minecraft:smooth_sandstone":63,"minecraft:crafting_table":6,"minecraft:oak_wood":8,"regions_unexplored:silt_dirt":2,"minecraft:lectern":1,"minecraft:stone_slab":4,"minecraft:tall_grass":24,"minecraft:deepslate_gold_ore":15,"regions_unexplored:daisy":1,"minecraft:diorite":1,"minecraft:gray_wool":3,"minecraft:trapped_chest":1,"minecraft:white_carpet":1,"minecraft:gray_bed":5,"cataclysm:sandstone_falling_trap":1,"minecraft:coal_ore":85,"minecraft:gravel":61,"minecraft:cobweb":2,"regions_unexplored:baobab_leaves":9,"minecraft:terracotta":6,"minecraft:gold_ore":4,"minecraft:chipped_anvil":1,"minecraft:fern":2},"minecraft:custom":{"lootr:looted_stat":75,"minecraft:interact_with_crafting_table":74,"minecraft:open_barrel":4,"minecraft:leave_game":27,"minecraft:time_since_death":16086,"minecraft:sprint_one_cm":2239321,"minecraft:damage_blocked_by_shield":2605,"minecraft:drop":257,"minecraft:play_noteblock":1,"minecraft:talked_to_villager":77,"minecraft:play_time":980412,"minecraft:deaths":75,"minecraft:jump":9009,"minecraft:walk_on_water_one_cm":331985,"minecraft:interact_with_furnace":117,"minecraft:traded_with_villager":151,"minecraft:interact_with_cartography_table":3,"minecraft:sleep_in_bed":40,"minecraft:waystone_activated":2,"minecraft:damage_dealt":38861,"minecraft:player_kills":3,"minecraft:crouch_one_cm":51422,"minecraft:interact_with_smoker":7,"minecraft:horse_one_cm":5936434,"minecraft:interact_with_smithing_table":12,"minecraft:interact_with_anvil":26,"minecraft:mob_kills":306,"minecraft:damage_dealt_resisted":900,"minecraft:climb_one_cm":5735,"minecraft:walk_one_cm":3800398,"minecraft:damage_dealt_absorbed":178,"minecraft:sneak_time":20865,"minecraft:walk_under_water_one_cm":193934,"minecraft:boat_one_cm":217769,"minecraft:total_world_time":980412,"minecraft:tune_noteblock":11,"minecraft:raid_trigger":1,"minecraft:interact_with_grindstone":6,"minecraft:time_since_rest":16189,"minecraft:damage_absorbed":342,"minecraft:damage_taken":34648,"minecraft:trigger_trapped_chest":2,"minecraft:swim_one_cm":356064,"minecraft:fly_one_cm":3542840,"minecraft:open_chest":46,"minecraft:aviate_one_cm":198361,"minecraft:fall_one_cm":199215},"minecraft:dropped":{"minecraft:iron_sword":1,"minecraft:moss_block":4,"minecraft:brown_mushroom":5,"minecraft:chorus_fruit":1,"minecraft:glass_bottle":3,"minecraft:crafting_table":1,"minecraft:cooked_porkchop":3,"minecraft:crossbow":1,"minecraft:iron_horse_armor":1,"minecraft:saddle":3,"travelersbackpack:standard":1,"born_in_chaos_v1:nightmare_claw":2,"minecraft:cut_sandstone_slab":2,"alexsmobs:bison_fur":2,"farmersdelight:rice":2,"minecraft:flint":7,"minecraft:emerald":2,"minecraft:gold_block":1,"born_in_chaos_v1:monster_flesh":1,"artifacts:thorn_pendant":1,"alexsmobs:roadrunner_feather":3,"minecraft:dispenser":1,"wom:golden_kit":2,"minecraft:mutton":3,"minecraft:cut_sandstone":1,"artifacts:charm_of_sinking":1,"alexsmobs:cooked_catfish":1,"minecraft:gold_nugget":1,"minecraft:sugar":4,"minecraft:iron_pickaxe":2,"minecraft:dark_oak_planks":1,"minecraft:white_wool":1,"minecraft:bone":18,"minecraft:gravel":5,"alexsmobs:gazelle_horn":1,"minecraft:iron_nugget":25,"alexsmobs:animal_dictionary":1,"minecraft:cobbled_deepslate":78,"cataclysm:chiseled_stone_brick_pillar":1,"aether:golden_gloves":2,"minecraft:wheat":7,"born_in_chaos_v1:ethereal_spirit":4,"minecraft:rotten_flesh":41,"minecraft:oak_planks":2,"minecraft:quartz_bricks":2,"regions_unexplored:baobab_sapling":5,"born_in_chaos_v1:corpse_maggot":5,"farmersdelight:rope":12,"minecraft:arrow":2,"grimoireofgaia:meat":2,"minecraft:enchanted_book":1,"minecraft:bread":3,"minecraft:oak_slab":6,"born_in_chaos_v1:shattered_skull":2,"minecraft:wheat_seeds":6,"minecraft:tnt":1,"minecraft:mossy_cobblestone":1,"wom:golden_mokassin":1,"minecraft:feather":6,"minecraft:cobblestone":25,"minecraft:granite":2,"minecraft:copper_ingot":1,"regions_unexplored:daisy":1,"wom:golden_chrono":1,"minecraft:iron_block":10,"the_bumblezone:sugar_water_bucket":1,"minecraft:potion":1,"minecraft:green_carpet":3,"minecraft:iron_axe":1,"minecraft:iron_shovel":2,"minecraft:string":8,"minecraft:tripwire_hook":1,"minecraft:redstone":130,"minecraft:chiseled_sandstone":1,"minecraft:dandelion":2,"minecraft:furnace":1,"alexsmobs:maggot":1,"alexsmobs:acacia_blossom":2,"epicfight:uchigatana":7,"grimoireofgaia:bag_book":1,"minecraft:bowl":2,"minecraft:tuff":5,"born_in_chaos_v1:rotten_fish":6,"minecraft:light_gray_wool":1,"minecraft:clay_ball":24,"minecraft:stone_slab":1,"regions_unexplored:baobab_planks":4,"dungeonnowloading:spawner_fragment":7,"regions_unexplored:bamboo_sapling":2,"minecraft:filled_map":2,"man:tearoftheman":1,"aether:diamond_gloves":1,"minecraft:iron_chestplate":3,"minecraft:spider_eye":2,"minecraft:bamboo":26,"minecraft:diamond_boots":1,"minecraft:sandstone":15,"minecraft:wooden_pickaxe":1,"minecraft:black_wool":1,"epicfight:skillbook":7,"wom:diamond_crown":1,"minecraft:brick":3},"minecraft:killed_by":{"endofherobrine:cow":5,"minecraft:wither_skeleton":10,"grimoireofgaia:mummy":1,"alexsmobs:leafcutter_ant":1,"grimoireofgaia:cecaelia":3,"creeperoverhaul:cave_creeper":3,"grimoireofgaia:bone_knight":1,"grimoireofgaia:minotaurus":3,"grimoireofgaia:gravemite":1,"cataclysm:koboleton":4,"mythicmounts:dragon":15,"minecraft:husk":1,"minecraft:player":1,"alexsmobs:rocky_roller":2,"grimoireofgaia:orc":2,"grimoireofgaia:centaur":1,"minecraft:spider":1,"grimoireofgaia:flesh_lich":6,"grimoireofgaia:ant_salvager":1,"endofherobrine:villager":1,"mutantmonsters:mutant_skeleton":1,"minecraft:skeleton":4,"alexsmobs:tarantula_hawk":1,"born_in_chaos_v1:corpse_fish":1,"born_in_chaos_v1:dread_hound":1},"minecraft:crafted":{"minecraft:grindstone":1,"regions_unexplored:baobab_planks":2100,"minecraft:oak_planks":44,"minecraft:cooked_chicken":2,"minecraft:stone":8,"minecraft:cooked_mutton":2,"dungeonnowloading:wooden_wall_platform":6,"minecraft:glass":19,"minecraft:bow":1,"minecraft:diamond_leggings":1,"minecraft:tipped_arrow":60,"minecraft:chest":4,"alexsmobs:cooked_catfish":3,"minecraft:gray_bed":1,"minecraft:bamboo_raft":4,"minecraft:oak_slab":12,"minecraft:emerald":146,"minecraft:cooked_porkchop":9,"dungeonnowloading:spawner_frame":2,"minecraft:diamond_axe":1,"minecraft:crafting_table":2,"travelersbackpack:standard":3,"minecraft:wooden_pickaxe":1,"minecraft:baked_potato":6,"minecraft:smithing_table":1,"minecraft:fletching_table":1,"minecraft:gold_block":15,"minecraft:bamboo_planks":48,"minecraft:paper":3,"minecraft:emerald_block":14,"minecraft:stone_slab":6,"minecraft:stick":4277,"minecraft:iron_ingot":93,"minecraft:iron_pickaxe":2,"minecraft:iron_block":11,"minecraft:stone_sword":1,"minecraft:gold_ingot":19,"minecraft:netherite_ingot":2,"epicfight:diamond_greatsword":1,"minecraft:tripwire_hook":2,"minecraft:furnace":4,"travelersbackpack:white_sleeping_bag":1,"minecraft:iron_axe":2,"minecraft:stone_pickaxe":5,"minecraft:dark_oak_planks":12,"redeco:polished_oak_planks":3,"minecraft:wheat":531,"minecraft:cooked_beef":12,"minecraft:crossbow":1,"minecraft:diamond_sword":1,"travelersbackpack:backpack_tank":2,"minecraft:iron_sword":1,"minecraft:cooked_salmon":20,"minecraft:bucket":1,"minecraft:stone_axe":1,"regions_unexplored:eucalyptus_planks":4,"minecraft:bread":190,"minecraft:air":0,"minecraft:anvil":1,"minecraft:white_bed":1,"minecraft:acacia_planks":20,"minecraft:torch":232,"minecraft:trapped_chest":1},"minecraft:used":{"alexsmobs:emu_egg":3,"minecraft:moss_block":13,"minecraft:blue_terracotta":2,"minecraft:iron_shovel":7,"minecraft:polished_blackstone":1,"minecraft:poppy":2,"minecraft:chest":1,"minecraft:iron_sword":256,"minecraft:smooth_sandstone_stairs":13,"minecraft:rotten_flesh":1,"minecraft:player_head":3,"minecraft:mutton":1,"artifacts:umbrella":43,"minecraft:nether_bricks":2,"minecraft:carrot":2,"minecraft:tuff":2,"minecraft:obsidian":2,"minecraft:lava_bucket":8,"born_in_chaos_v1:gnawed_bones":1,"epicfight:diamond_greatsword":133,"minecraft:magma_block":1,"minecraft:bow":232,"minecraft:furnace":14,"minecraft:gray_bed":7,"grimoireofgaia:meat":12,"minecraft:egg":1,"minecraft:potato":1,"dungeonnowloading:wooden_wall_platform":6,"epicfight:skillbook":12,"minecraft:oak_planks":2,"minecraft:stone_pickaxe":678,"minecraft:diamond_axe":4,"minecraft:sandstone":8,"minecraft:wooden_pickaxe":58,"cataclysm:chiseled_stone_brick_pillar":58,"minecraft:white_wool":1,"minecraft:golden_apple":13,"minecraft:cut_sandstone_slab":1,"minecraft:crossbow":1,"minecraft:note_block":1,"regions_unexplored:cherry_shrub":1,"minecraft:firework_rocket":5,"minecraft:chiseled_sandstone":2,"minecraft:brown_wool":1,"born_in_chaos_v1:monster_flesh":3,"minecraft:string":3,"minecraft:bread":159,"minecraft:gravel":56,"minecraft:diamond_sword":47,"minecraft:nether_wart_block":1,"born_in_chaos_v1:rotten_fish":1,"minecraft:grindstone":1,"minecraft:smithing_table":1,"minecraft:andesite":1,"minecraft:oak_boat":8,"minecraft:bone_meal":4,"minecraft:golden_pickaxe":32,"the_bumblezone:sugar_water_bucket":1,"minecraft:stone_sword":130,"cataclysm:sandstone_ignite_trap":4,"minecraft:cooked_salmon":20,"minecraft:cooked_chicken":2,"minecraft:netherrack":5,"minecraft:torch":264,"regions_unexplored:baobab_sapling":24,"minecraft:dirt":17,"minecraft:anvil":1,"minecraft:white_carpet":6,"farmersdelight:rope":12,"minecraft:dark_oak_planks":13,"minecraft:bamboo_raft":9,"minecraft:iron_axe":495,"minecraft:oak_stairs":4,"minecraft:acacia_slab":1,"minecraft:smooth_sandstone":52,"minecraft:pointed_dripstone":1,"minecraft:bamboo_planks":44,"minecraft:trapped_chest":1,"minecraft:cooked_beef":12,"minecraft:cobbled_deepslate":290,"minecraft:acacia_planks":12,"minecraft:orange_terracotta":2,"minecraft:golden_axe":32,"minecraft:quartz_bricks":3,"minecraft:wheat_seeds":64,"minecraft:cooked_mutton":8,"alexsmobs:cooked_catfish":2,"minecraft:water_bucket":36,"minecraft:baked_potato":6,"minecraft:cartography_table":1,"cataclysm:khopesh":1,"minecraft:cut_sandstone":6,"minecraft:fletching_table":3,"minecraft:mossy_cobblestone":5,"minecraft:tnt":2,"minecraft:crafting_table":9,"minecraft:oak_slab":18,"minecraft:red_bed":4,"minecraft:white_bed":1,"minecraft:smoker":1,"minecraft:oak_log":1,"minecraft:flower_pot":2,"minecraft:diamond_pickaxe":27,"wom:diamond_crown":1,"minecraft:iron_pickaxe":604,"minecraft:suspicious_stew":4,"regions_unexplored:baobab_planks":2,"minecraft:stone_slab":8,"minecraft:stone_axe":100,"minecraft:cobblestone":49,"minecraft:potion":3,"travelersbackpack:standard":103,"minecraft:white_banner":3,"minecraft:cooked_porkchop":6,"minecraft:andesite_stairs":1,"minecraft:bucket":50,"minecraft:yellow_bed":3,"alexsmobs:animal_dictionary":1},"minecraft:broken":{"minecraft:stone_pickaxe":6,"minecraft:stone_axe":1,"minecraft:iron_sword":1,"cataclysm:khopesh":1,"minecraft:stone_sword":1,"minecraft:golden_axe":1,"minecraft:iron_axe":2,"minecraft:iron_pickaxe":2,"minecraft:golden_pickaxe":1}},"DataVersion":3465}