{"stats":{"minecraft:custom":{"lootr:looted_stat":93,"minecraft:interact_with_crafting_table":34,"minecraft:leave_game":29,"minecraft:time_since_death":30153,"minecraft:sprint_one_cm":1300437,"minecraft:drop":218,"minecraft:play_noteblock":1,"minecraft:talked_to_villager":16,"minecraft:play_time":452429,"minecraft:deaths":44,"minecraft:jump":5218,"minecraft:walk_on_water_one_cm":113513,"minecraft:interact_with_furnace":49,"minecraft:sleep_in_bed":18,"minecraft:damage_dealt":12895,"minecraft:player_kills":3,"minecraft:crouch_one_cm":92108,"minecraft:interact_with_smoker":19,"minecraft:horse_one_cm":1387515,"minecraft:interact_with_smithing_table":3,"minecraft:mob_kills":91,"minecraft:interact_with_campfire":4,"minecraft:climb_one_cm":15704,"minecraft:walk_one_cm":2615239,"minecraft:damage_dealt_absorbed":207,"minecraft:sneak_time":21593,"minecraft:walk_under_water_one_cm":54816,"minecraft:boat_one_cm":96428,"minecraft:interact_with_blast_furnace":2,"minecraft:total_world_time":452429,"minecraft:tune_noteblock":11,"minecraft:interact_with_grindstone":1,"minecraft:time_since_rest":31439,"minecraft:damage_absorbed":181,"minecraft:damage_taken":16012,"minecraft:swim_one_cm":87688,"minecraft:fly_one_cm":1762849,"minecraft:open_chest":54,"minecraft:fall_one_cm":194684},"minecraft:dropped":{"minecraft:candle":2,"minecraft:diamond_axe":1,"minecraft:baked_potato":1,"minecraft:glass_bottle":1,"minecraft:crafting_table":1,"minecraft:black_bed":1,"minecraft:leather":4,"minecraft:saddle":2,"minecraft:cut_sandstone_slab":5,"farmersdelight:rice":2,"minecraft:flint":4,"minecraft:dirt":2,"minecraft:dark_oak_fence":16,"wom:golden_kit":1,"minecraft:bone_meal":1,"minecraft:iron_pickaxe":1,"regions_unexplored:redstone_bulb":2,"minecraft:bone":3,"wom:golden_monocle":2,"minecraft:goat_horn":1,"minecraft:iron_nugget":4,"minecraft:golden_chestplate":1,"alexsmobs:animal_dictionary":1,"regions_unexplored:salmonberry":4,"minecraft:obsidian":1,"minecraft:rotten_flesh":11,"aether:leather_gloves":1,"minecraft:oak_planks":5,"regions_unexplored:baobab_sapling":2,"minecraft:gunpowder":14,"minecraft:spruce_slab":1,"minecraft:iron_bars":10,"minecraft:red_nether_bricks":1,"minecraft:arrow":39,"minecraft:bread":1,"minecraft:wheat_seeds":8,"minecraft:mossy_cobblestone":1,"minecraft:dripstone_block":18,"wom:golden_mokassin":1,"minecraft:feather":1,"minecraft:iron_helmet":1,"minecraft:cobblestone":21,"minecraft:lead":1,"artifacts:whoopee_cushion":3,"man:cassette_1safetyinstructions":1,"minecraft:coal":2,"minecraft:golden_apple":2,"minecraft:diorite":3,"minecraft:ink_sac":1,"minecraft:oak_stairs":2,"minecraft:iron_axe":2,"minecraft:smooth_sandstone":8,"minecraft:string":9,"minecraft:redstone":2,"minecraft:player_head":1,"epicfight:uchigatana":1,"minecraft:stone_sword":3,"regions_unexplored:bamboo_log":1,"minecraft:raw_copper":27,"minecraft:bowl":2,"minecraft:raw_iron":12,"born_in_chaos_v1:rotten_fish":1,"minecraft:white_carpet":10,"minecraft:clay_ball":16,"minecraft:stripped_oak_log":2,"minecraft:white_terracotta":6,"regions_unexplored:baobab_planks":63,"regions_unexplored:bamboo_sapling":1,"minecraft:filled_map":1,"minecraft:hay_block":4,"minecraft:cobblestone_slab":2,"minecraft:shroomlight":11,"minecraft:spruce_planks":1,"minecraft:iron_chestplate":1,"minecraft:diamond_pickaxe":1,"minecraft:andesite":1,"minecraft:mossy_stone_bricks":1,"minecraft:yellow_bed":1,"minecraft:andesite_stairs":1,"minecraft:bamboo":83,"minecraft:diamond_boots":1,"minecraft:stone_pickaxe":1,"cataclysm:sandstone_falling_trap":1,"regions_unexplored:silt_dirt":6,"epicfight:skillbook":8},"minecraft:mined":{"minecraft:dark_oak_planks":1,"minecraft:waxed_cut_copper_slab":1,"minecraft:cut_sandstone_slab":1,"minecraft:white_bed":4,"minecraft:spruce_planks":1,"minecraft:andesite_stairs":1,"minecraft:jungle_leaves":2,"minecraft:red_nether_bricks":12,"cataclysm:sandstone_ignite_trap":32,"regions_unexplored:baobab_planks":15,"minecraft:granite":16,"minecraft:grass_block":10,"minecraft:spawner":2,"cataclysm:sandstone_poison_dart_trap":1,"minecraft:dark_oak_trapdoor":1,"minecraft:iron_ore":6,"minecraft:oak_stairs":2,"minecraft:iron_bars":7,"minecraft:black_candle":1,"minecraft:green_carpet":1,"minecraft:smooth_sandstone_stairs":6,"minecraft:player_head":1,"minecraft:spruce_slab":1,"minecraft:tripwire":10,"minecraft:jungle_trapdoor":1,"minecraft:waxed_cut_copper_stairs":1,"regions_unexplored:dead_steppe_shrub":1,"minecraft:cut_sandstone":2,"minecraft:red_bed":1,"minecraft:kelp_plant":10,"minecraft:bamboo_stairs":1,"minecraft:clay":4,"minecraft:torch":2,"minecraft:calcite":11,"minecraft:cobblestone":10,"minecraft:oak_planks":7,"regions_unexplored:bamboo_log":43,"minecraft:smooth_sandstone_slab":1,"minecraft:skeleton_skull":2,"minecraft:white_terracotta":8,"minecraft:nether_wart_block":3,"minecraft:birch_trapdoor":1,"regions_unexplored:mauve_leaves":1,"minecraft:black_bed":1,"minecraft:stone_brick_stairs":1,"minecraft:grass":19,"minecraft:oak_log":21,"regions_unexplored:bamboo_leaves":16,"minecraft:acacia_fence":1,"minecraft:sand":13,"minecraft:dirt":25,"minecraft:tripwire_hook":4,"minecraft:oak_leaves":3,"minecraft:mossy_cobblestone":2,"regions_unexplored:barley":20,"minecraft:candle":3,"minecraft:oak_door":1,"minecraft:gray_glazed_terracotta":2,"minecraft:dark_oak_fence":8,"minecraft:spruce_fence":2,"minecraft:decorated_pot":5,"minecraft:kelp":1,"minecraft:sandstone":4,"minecraft:hay_block":55,"regions_unexplored:baobab_log":136,"minecraft:chiseled_sandstone":4,"minecraft:andesite":7,"minecraft:bookshelf":1,"minecraft:potatoes":24,"minecraft:shroomlight":1,"minecraft:cobblestone_slab":2,"minecraft:stripped_oak_log":2,"regions_unexplored:medium_grass":9,"minecraft:bamboo":10,"minecraft:stone":104,"regions_unexplored:redstone_bulb":1,"minecraft:glass_pane":2,"minecraft:oak_fence":2,"minecraft:smooth_sandstone":98,"minecraft:campfire":2,"farmersdelight:onion_crate":1,"minecraft:copper_ore":19,"minecraft:tall_grass":27,"minecraft:diorite":4,"minecraft:gray_wool":3,"regions_unexplored:redstone_bud":2,"minecraft:white_carpet":5,"minecraft:yellow_bed":2,"cataclysm:sandstone_falling_trap":3,"minecraft:coal_ore":17,"minecraft:gravel":4,"minecraft:dripstone_block":2,"minecraft:terracotta":6,"minecraft:mossy_stone_bricks":1,"minecraft:fern":7},"minecraft:used":{"alexsmobs:emu_egg":5,"farmersdelight:onion_crate":1,"minecraft:chest":4,"minecraft:white_terracotta":2,"minecraft:smooth_sandstone_stairs":1,"minecraft:rotten_flesh":1,"minecraft:iron_chestplate":1,"minecraft:mutton":4,"born_in_chaos_v1:corpse_maggot":8,"minecraft:iron_helmet":3,"minecraft:golden_sword":18,"minecraft:bow":92,"minecraft:furnace":3,"minecraft:acacia_fence":1,"grimoireofgaia:meat":1,"minecraft:egg":2,"epicfight:skillbook":12,"minecraft:diorite":2,"minecraft:oak_planks":82,"minecraft:stone_pickaxe":191,"minecraft:wooden_pickaxe":57,"minecraft:sandstone":4,"minecraft:diamond_axe":134,"minecraft:golden_apple":10,"minecraft:cut_sandstone_slab":1,"minecraft:dripstone_block":24,"minecraft:bread":21,"regions_unexplored:baobab_log":6,"born_in_chaos_v1:rotten_fish":3,"minecraft:andesite":6,"minecraft:stone_sword":95,"born_in_chaos_v1:ethereal_spirit":3,"minecraft:dried_kelp":28,"minecraft:cooked_chicken":1,"minecraft:oak_door":1,"regions_unexplored:baobab_sapling":2,"minecraft:torch":8,"minecraft:dirt":11,"cataclysm:sandstone_falling_trap":1,"minecraft:granite":10,"minecraft:shroomlight":2,"minecraft:dark_oak_planks":1,"travelersbackpack:gold":2,"minecraft:iron_axe":65,"minecraft:smooth_sandstone":88,"wom:golden_mokassin":1,"minecraft:bamboo":10,"minecraft:goat_horn":3,"minecraft:golden_axe":52,"minecraft:bamboo_planks":8,"minecraft:cooked_mutton":6,"alexsmobs:cooked_catfish":5,"minecraft:lead":22,"minecraft:baked_potato":24,"minecraft:red_nether_bricks":5,"wom:diamond_legbottomseal":1,"minecraft:leather_boots":1,"regions_unexplored:dead_steppe_shrub":1,"minecraft:terracotta":6,"minecraft:crafting_table":7,"minecraft:red_bed":1,"minecraft:white_bed":6,"minecraft:book":3,"minecraft:apple":1,"minecraft:chicken":2,"minecraft:iron_pickaxe":242,"minecraft:suspicious_stew":2,"regions_unexplored:baobab_planks":341,"minecraft:stone_axe":28,"minecraft:cobblestone":49,"minecraft:potion":1,"travelersbackpack:standard":11,"minecraft:porkchop":4,"minecraft:cooked_porkchop":5,"minecraft:andesite_stairs":1,"epicfight:uchigatana":1,"minecraft:candle":6},"minecraft:picked_up":{"minecraft:iron_chestplate":1,"minecraft:lead":5,"regions_unexplored:silt_dirt":6,"minecraft:oak_stairs":2,"minecraft:potion":1,"minecraft:stone_brick_stairs":1,"minecraft:string":10,"minecraft:waxed_cut_copper_slab":1,"minecraft:raw_copper":77,"minecraft:red_nether_bricks":6,"minecraft:shroomlight":9,"regions_unexplored:bamboo_sapling":1,"bosses_of_mass_destruction:soul_star":2,"minecraft:spruce_planks":1,"minecraft:cobblestone_slab":2,"minecraft:calcite":7,"minecraft:stick":53,"wom:golden_monocle":1,"minecraft:acacia_fence":1,"minecraft:birch_trapdoor":1,"minecraft:torch":4,"epicfight:skillbook":4,"minecraft:porkchop":4,"minecraft:diorite":5,"aether:golden_gloves":1,"wom:golden_mokassin":1,"minecraft:waxed_cut_copper_stairs":1,"regions_unexplored:barley":19,"minecraft:stone_sword":4,"minecraft:rotten_flesh":22,"alexsmobs:emu_egg":5,"minecraft:white_terracotta":8,"minecraft:obsidian":1,"minecraft:iron_bars":10,"minecraft:cobblestone":120,"farmersdelight:onion_crate":1,"minecraft:feather":4,"farmersdelight:rice":2,"minecraft:andesite":7,"minecraft:black_bed":2,"artifacts:thorn_pendant":1,"minecraft:potato":86,"regions_unexplored:dead_steppe_shrub":1,"minecraft:flint":1,"minecraft:smooth_sandstone_stairs":3,"minecraft:danger_pottery_sherd":2,"minecraft:cut_sandstone_slab":6,"minecraft:dirt":31,"cataclysm:koboleton_bone":4,"minecraft:bone":11,"minecraft:bow":1,"minecraft:wheat_seeds":13,"regions_unexplored:baobab_sapling":6,"minecraft:mossy_stone_bricks":1,"minecraft:rabbit":2,"minecraft:bamboo":155,"minecraft:oak_planks":8,"regions_unexplored:bamboo_log":43,"minecraft:cooked_porkchop":7,"minecraft:gray_glazed_terracotta":2,"regions_unexplored:salmonberry":4,"regions_unexplored:baobab_planks":78,"minecraft:sand":12,"minecraft:ink_sac":1,"minecraft:mossy_cobblestone":1,"cataclysm:sandstone_falling_trap":2,"minecraft:granite":14,"minecraft:bone_meal":1,"minecraft:golden_apple":1,"minecraft:bread":3,"cataclysm:sandstone_ignite_trap":11,"minecraft:oak_sapling":1,"minecraft:dark_oak_fence":24,"regions_unexplored:baobab_log":145,"minecraft:charcoal":4,"minecraft:chicken":2,"minecraft:clay_ball":32,"minecraft:mourner_pottery_sherd":3,"minecraft:red_bed":1,"minecraft:iron_axe":2,"minecraft:white_carpet":10,"dungeonnowloading:spawner_fragment":5,"minecraft:candle":10,"minecraft:andesite_stairs":2,"minecraft:player_head":1,"minecraft:iron_nugget":9,"minecraft:spruce_slab":2,"minecraft:egg":3,"minecraft:raw_iron":12,"minecraft:sandstone":4,"grimoireofgaia:meat":1,"minecraft:oak_door":1,"minecraft:bowl":1,"minecraft:spruce_fence":2,"wom:golden_kit":1,"minecraft:redstone":2,"minecraft:dark_oak_planks":1,"minecraft:smooth_sandstone_slab":1,"minecraft:arrow":129,"regions_unexplored:redstone_bulb":4,"grimoireofgaia:bag_book":1,"minecraft:hay_block":59,"minecraft:saddle":3,"minecraft:mutton":10,"minecraft:skeleton_skull":1,"minecraft:white_wool":5,"minecraft:stripped_oak_log":2,"minecraft:bamboo_stairs":1,"born_in_chaos_v1:corpse_maggot":8,"minecraft:tripwire_hook":3,"minecraft:leather":5,"minecraft:filled_map":1,"minecraft:oak_log":21,"minecraft:yellow_bed":2,"minecraft:nether_wart_block":4,"minecraft:gunpowder":10,"man:cassette_1safetyinstructions":1,"minecraft:smooth_sandstone":96,"minecraft:apple":1,"minecraft:kelp":58,"artifacts:whoopee_cushion":2,"minecraft:glass_bottle":1,"minecraft:arms_up_pottery_sherd":2,"minecraft:book":3,"minecraft:black_candle":3,"minecraft:bamboo_planks":4,"born_in_chaos_v1:ethereal_spirit":1,"minecraft:dripstone_block":43,"minecraft:gravel":3,"minecraft:white_bed":6,"minecraft:green_carpet":2,"alexsmobs:raw_catfish":5,"minecraft:snort_pottery_sherd":3,"minecraft:iron_helmet":1,"minecraft:gray_wool":3,"minecraft:terracotta":6,"minecraft:baked_potato":18,"cataclysm:sandstone_poison_dart_trap":1,"minecraft:black_wool":1,"minecraft:coal":21},"minecraft:crafted":{"minecraft:oak_planks":84,"regions_unexplored:baobab_planks":448,"minecraft:cooked_chicken":1,"minecraft:cooked_mutton":6,"minecraft:glass":12,"minecraft:chest":5,"alexsmobs:cooked_catfish":5,"minecraft:cooked_porkchop":1,"minecraft:diamond_axe":1,"minecraft:crafting_table":8,"minecraft:wooden_pickaxe":1,"travelersbackpack:standard":1,"minecraft:baked_potato":88,"minecraft:bamboo_planks":82,"minecraft:stick":32,"minecraft:iron_pickaxe":1,"minecraft:stone_sword":1,"minecraft:furnace":3,"travelersbackpack:blank_upgrade":4,"minecraft:iron_axe":2,"travelersbackpack:gold":1,"minecraft:stone_pickaxe":2,"travelersbackpack:diamond_tier_upgrade":1,"minecraft:dried_kelp":28,"travelersbackpack:backpack_tank":2,"minecraft:stone_axe":1,"minecraft:bread":19,"minecraft:air":0,"minecraft:white_bed":1,"minecraft:torch":4},"minecraft:killed":{"minecraft:spider":1,"grimoireofgaia:orc":1,"minecraft:chicken":2,"alexsmobs:triops":1,"grimoireofgaia:flesh_lich":1,"minecraft:pig":2,"minecraft:creeper":1,"minecraft:sheep":6,"minecraft:pillager":5,"minecraft:zombie":17,"born_in_chaos_v1:dread_hound":1,"born_in_chaos_v1:corpse_fly":7,"grimoireofgaia:harpy":1,"alexsmobs:fly":1,"alexsmobs:tarantula_hawk":1,"alexsmobs:raccoon":1,"alexsmobs:tasmanian_devil":1,"grimoireofgaia:centaur":2,"born_in_chaos_v1:maggot":3,"born_in_chaos_v1:corpse_fish":1,"cataclysm:koboleton":13,"minecraft:husk":3,"minecraft:bat":1,"born_in_chaos_v1:decrepit_skeleton":3,"alexsmobs:emu":1,"alexsmobs:catfish":4,"alexsmobs:gazelle":1,"minecraft:wither_skeleton":6},"minecraft:broken":{"minecraft:golden_sword":1,"minecraft:wooden_pickaxe":1,"minecraft:golden_axe":2},"minecraft:killed_by":{"minecraft:zombie_villager":2,"born_in_chaos_v1:nightmare_stalker":2,"minecraft:wither_skeleton":1,"grimoireofgaia:cecaelia":2,"grimoireofgaia:bone_knight":1,"grimoireofgaia:deathword":1,"cataclysm:koboleton":6,"minecraft:zombie":2,"minecraft:husk":1,"minecraft:player":4,"grimoireofgaia:orc":1,"minecraft:iron_golem":1,"dungeonnowloading:hollow":1,"minecraft:skeleton":4,"born_in_chaos_v1:corpse_fish":1,"born_in_chaos_v1:dread_hound":4}},"DataVersion":3465}